TimeQuest Timing Analyzer report for five_leds
Wed Jan 17 23:11:18 2024
Quartus II 64-Bit Version 13.0.1 Build 232 06/12/2013 Service Pack 1 SJ Web Edition


---------------------
; Table of Contents ;
---------------------
  1. Legal Notice
  2. TimeQuest Timing Analyzer Summary
  3. Parallel Compilation
  4. Clocks
  5. Slow Model Fmax Summary
  6. Slow Model Setup Summary
  7. Slow Model Hold Summary
  8. Slow Model Recovery Summary
  9. Slow Model Removal Summary
 10. Slow Model Minimum Pulse Width Summary
 11. Slow Model Setup: 'clk'
 12. Slow Model Setup: 'CLK2'
 13. Slow Model Setup: 'clk1'
 14. Slow Model Hold: 'clk1'
 15. Slow Model Hold: 'clk'
 16. Slow Model Hold: 'CLK2'
 17. Slow Model Minimum Pulse Width: 'clk'
 18. Slow Model Minimum Pulse Width: 'CLK2'
 19. Slow Model Minimum Pulse Width: 'clk1'
 20. Clock to Output Times
 21. Minimum Clock to Output Times
 22. Fast Model Setup Summary
 23. Fast Model Hold Summary
 24. Fast Model Recovery Summary
 25. Fast Model Removal Summary
 26. Fast Model Minimum Pulse Width Summary
 27. Fast Model Setup: 'clk'
 28. Fast Model Setup: 'CLK2'
 29. Fast Model Setup: 'clk1'
 30. Fast Model Hold: 'clk'
 31. Fast Model Hold: 'clk1'
 32. Fast Model Hold: 'CLK2'
 33. Fast Model Minimum Pulse Width: 'clk'
 34. Fast Model Minimum Pulse Width: 'CLK2'
 35. Fast Model Minimum Pulse Width: 'clk1'
 36. Clock to Output Times
 37. Minimum Clock to Output Times
 38. Multicorner Timing Analysis Summary
 39. Clock to Output Times
 40. Minimum Clock to Output Times
 41. Setup Transfers
 42. Hold Transfers
 43. Report TCCS
 44. Report RSKM
 45. Unconstrained Paths
 46. TimeQuest Timing Analyzer Messages



----------------
; Legal Notice ;
----------------
Copyright (C) 1991-2013 Altera Corporation
Your use of Altera Corporation's design tools, logic functions 
and other software and tools, and its AMPP partner logic 
functions, and any output files from any of the foregoing 
(including device programming or simulation files), and any 
associated documentation or information are expressly subject 
to the terms and conditions of the Altera Program License 
Subscription Agreement, Altera MegaCore Function License 
Agreement, or other applicable license agreement, including, 
without limitation, that your use is for the sole purpose of 
programming logic devices manufactured by Altera and sold by 
Altera or its authorized distributors.  Please refer to the 
applicable agreement for further details.



+----------------------------------------------------------------------------------------+
; TimeQuest Timing Analyzer Summary                                                      ;
+--------------------+-------------------------------------------------------------------+
; Quartus II Version ; Version 13.0.1 Build 232 06/12/2013 Service Pack 1 SJ Web Edition ;
; Revision Name      ; five_leds                                                         ;
; Device Family      ; Cyclone II                                                        ;
; Device Name        ; EP2C5T144C8                                                       ;
; Timing Models      ; Final                                                             ;
; Delay Model        ; Combined                                                          ;
; Rise/Fall Delays   ; Unavailable                                                       ;
+--------------------+-------------------------------------------------------------------+


+------------------------------------------+
; Parallel Compilation                     ;
+----------------------------+-------------+
; Processors                 ; Number      ;
+----------------------------+-------------+
; Number detected on machine ; 6           ;
; Maximum allowed            ; 6           ;
;                            ;             ;
; Average used               ; 1.00        ;
; Maximum used               ; 1           ;
;                            ;             ;
; Usage by Processor         ; % Time Used ;
;     Processor 1            ; 100.0%      ;
;     Processors 2-6         ;   0.0%      ;
+----------------------------+-------------+


+----------------------------------------------------------------------------------------------------------------------------------------------------------------------------------+
; Clocks                                                                                                                                                                           ;
+------------+------+--------+------------+-------+-------+------------+-----------+-------------+-------+--------+-----------+------------+----------+--------+--------+----------+
; Clock Name ; Type ; Period ; Frequency  ; Rise  ; Fall  ; Duty Cycle ; Divide by ; Multiply by ; Phase ; Offset ; Edge List ; Edge Shift ; Inverted ; Master ; Source ; Targets  ;
+------------+------+--------+------------+-------+-------+------------+-----------+-------------+-------+--------+-----------+------------+----------+--------+--------+----------+
; clk        ; Base ; 1.000  ; 1000.0 MHz ; 0.000 ; 0.500 ;            ;           ;             ;       ;        ;           ;            ;          ;        ;        ; { clk }  ;
; clk1       ; Base ; 1.000  ; 1000.0 MHz ; 0.000 ; 0.500 ;            ;           ;             ;       ;        ;           ;            ;          ;        ;        ; { clk1 } ;
; CLK2       ; Base ; 1.000  ; 1000.0 MHz ; 0.000 ; 0.500 ;            ;           ;             ;       ;        ;           ;            ;          ;        ;        ; { CLK2 } ;
+------------+------+--------+------------+-------+-------+------------+-----------+-------------+-------+--------+-----------+------------+----------+--------+--------+----------+


+--------------------------------------------------+
; Slow Model Fmax Summary                          ;
+------------+-----------------+------------+------+
; Fmax       ; Restricted Fmax ; Clock Name ; Note ;
+------------+-----------------+------------+------+
; 152.46 MHz ; 152.46 MHz      ; clk        ;      ;
; 273.97 MHz ; 273.97 MHz      ; CLK2       ;      ;
+------------+-----------------+------------+------+
This panel reports FMAX for every clock in the design, regardless of the user-specified clock periods.  FMAX is only computed for paths where the source and destination registers or ports are driven by the same clock.  Paths of different clocks, including generated clocks, are ignored.  For paths between a clock and its inversion, FMAX is computed as if the rising and falling edges are scaled along with FMAX, such that the duty cycle (in terms of a percentage) is maintained. Altera recommends that you always use clock constraints and other slack reports for sign-off analysis.


+--------------------------------+
; Slow Model Setup Summary       ;
+-------+--------+---------------+
; Clock ; Slack  ; End Point TNS ;
+-------+--------+---------------+
; clk   ; -5.559 ; -133.499      ;
; CLK2  ; -2.650 ; -19.051       ;
; clk1  ; 2.899  ; 0.000         ;
+-------+--------+---------------+


+--------------------------------+
; Slow Model Hold Summary        ;
+-------+--------+---------------+
; Clock ; Slack  ; End Point TNS ;
+-------+--------+---------------+
; clk1  ; -2.665 ; -2.665        ;
; clk   ; -2.553 ; -2.553        ;
; CLK2  ; 0.499  ; 0.000         ;
+-------+--------+---------------+


-------------------------------
; Slow Model Recovery Summary ;
-------------------------------
No paths to report.


------------------------------
; Slow Model Removal Summary ;
------------------------------
No paths to report.


+----------------------------------------+
; Slow Model Minimum Pulse Width Summary ;
+-------+--------+-----------------------+
; Clock ; Slack  ; End Point TNS         ;
+-------+--------+-----------------------+
; clk   ; -1.941 ; -39.041               ;
; CLK2  ; -0.742 ; -16.324               ;
; clk1  ; -0.742 ; -1.484                ;
+-------+--------+-----------------------+


+--------------------------------------------------------------------------------------------------------------+
; Slow Model Setup: 'clk'                                                                                      ;
+--------+---------------+---------------+--------------+-------------+--------------+------------+------------+
; Slack  ; From Node     ; To Node       ; Launch Clock ; Latch Clock ; Relationship ; Clock Skew ; Data Delay ;
+--------+---------------+---------------+--------------+-------------+--------------+------------+------------+
; -5.559 ; \P1:count[14] ; \P1:count[12] ; clk          ; clk         ; 1.000        ; 0.000      ; 6.599      ;
; -5.559 ; \P1:count[14] ; \P1:count[13] ; clk          ; clk         ; 1.000        ; 0.000      ; 6.599      ;
; -5.559 ; \P1:count[14] ; \P1:count[14] ; clk          ; clk         ; 1.000        ; 0.000      ; 6.599      ;
; -5.559 ; \P1:count[14] ; \P1:count[15] ; clk          ; clk         ; 1.000        ; 0.000      ; 6.599      ;
; -5.559 ; \P1:count[14] ; \P1:count[16] ; clk          ; clk         ; 1.000        ; 0.000      ; 6.599      ;
; -5.559 ; \P1:count[14] ; \P1:count[17] ; clk          ; clk         ; 1.000        ; 0.000      ; 6.599      ;
; -5.559 ; \P1:count[14] ; \P1:count[18] ; clk          ; clk         ; 1.000        ; 0.000      ; 6.599      ;
; -5.559 ; \P1:count[14] ; \P1:count[19] ; clk          ; clk         ; 1.000        ; 0.000      ; 6.599      ;
; -5.559 ; \P1:count[14] ; \P1:count[20] ; clk          ; clk         ; 1.000        ; 0.000      ; 6.599      ;
; -5.559 ; \P1:count[14] ; \P1:count[21] ; clk          ; clk         ; 1.000        ; 0.000      ; 6.599      ;
; -5.559 ; \P1:count[14] ; \P1:count[22] ; clk          ; clk         ; 1.000        ; 0.000      ; 6.599      ;
; -5.559 ; \P1:count[14] ; \P1:count[23] ; clk          ; clk         ; 1.000        ; 0.000      ; 6.599      ;
; -5.546 ; \P1:count[12] ; \P1:count[12] ; clk          ; clk         ; 1.000        ; 0.000      ; 6.586      ;
; -5.546 ; \P1:count[12] ; \P1:count[13] ; clk          ; clk         ; 1.000        ; 0.000      ; 6.586      ;
; -5.546 ; \P1:count[12] ; \P1:count[14] ; clk          ; clk         ; 1.000        ; 0.000      ; 6.586      ;
; -5.546 ; \P1:count[12] ; \P1:count[15] ; clk          ; clk         ; 1.000        ; 0.000      ; 6.586      ;
; -5.546 ; \P1:count[12] ; \P1:count[16] ; clk          ; clk         ; 1.000        ; 0.000      ; 6.586      ;
; -5.546 ; \P1:count[12] ; \P1:count[17] ; clk          ; clk         ; 1.000        ; 0.000      ; 6.586      ;
; -5.546 ; \P1:count[12] ; \P1:count[18] ; clk          ; clk         ; 1.000        ; 0.000      ; 6.586      ;
; -5.546 ; \P1:count[12] ; \P1:count[19] ; clk          ; clk         ; 1.000        ; 0.000      ; 6.586      ;
; -5.546 ; \P1:count[12] ; \P1:count[20] ; clk          ; clk         ; 1.000        ; 0.000      ; 6.586      ;
; -5.546 ; \P1:count[12] ; \P1:count[21] ; clk          ; clk         ; 1.000        ; 0.000      ; 6.586      ;
; -5.546 ; \P1:count[12] ; \P1:count[22] ; clk          ; clk         ; 1.000        ; 0.000      ; 6.586      ;
; -5.546 ; \P1:count[12] ; \P1:count[23] ; clk          ; clk         ; 1.000        ; 0.000      ; 6.586      ;
; -5.388 ; \P1:count[11] ; \P1:count[12] ; clk          ; clk         ; 1.000        ; 0.003      ; 6.431      ;
; -5.388 ; \P1:count[11] ; \P1:count[13] ; clk          ; clk         ; 1.000        ; 0.003      ; 6.431      ;
; -5.388 ; \P1:count[11] ; \P1:count[14] ; clk          ; clk         ; 1.000        ; 0.003      ; 6.431      ;
; -5.388 ; \P1:count[11] ; \P1:count[15] ; clk          ; clk         ; 1.000        ; 0.003      ; 6.431      ;
; -5.388 ; \P1:count[11] ; \P1:count[16] ; clk          ; clk         ; 1.000        ; 0.003      ; 6.431      ;
; -5.388 ; \P1:count[11] ; \P1:count[17] ; clk          ; clk         ; 1.000        ; 0.003      ; 6.431      ;
; -5.388 ; \P1:count[11] ; \P1:count[18] ; clk          ; clk         ; 1.000        ; 0.003      ; 6.431      ;
; -5.388 ; \P1:count[11] ; \P1:count[19] ; clk          ; clk         ; 1.000        ; 0.003      ; 6.431      ;
; -5.388 ; \P1:count[11] ; \P1:count[20] ; clk          ; clk         ; 1.000        ; 0.003      ; 6.431      ;
; -5.388 ; \P1:count[11] ; \P1:count[21] ; clk          ; clk         ; 1.000        ; 0.003      ; 6.431      ;
; -5.388 ; \P1:count[11] ; \P1:count[22] ; clk          ; clk         ; 1.000        ; 0.003      ; 6.431      ;
; -5.388 ; \P1:count[11] ; \P1:count[23] ; clk          ; clk         ; 1.000        ; 0.003      ; 6.431      ;
; -5.378 ; \P1:count[18] ; \P1:count[12] ; clk          ; clk         ; 1.000        ; 0.000      ; 6.418      ;
; -5.378 ; \P1:count[18] ; \P1:count[13] ; clk          ; clk         ; 1.000        ; 0.000      ; 6.418      ;
; -5.378 ; \P1:count[18] ; \P1:count[14] ; clk          ; clk         ; 1.000        ; 0.000      ; 6.418      ;
; -5.378 ; \P1:count[18] ; \P1:count[15] ; clk          ; clk         ; 1.000        ; 0.000      ; 6.418      ;
; -5.378 ; \P1:count[18] ; \P1:count[16] ; clk          ; clk         ; 1.000        ; 0.000      ; 6.418      ;
; -5.378 ; \P1:count[18] ; \P1:count[17] ; clk          ; clk         ; 1.000        ; 0.000      ; 6.418      ;
; -5.378 ; \P1:count[18] ; \P1:count[18] ; clk          ; clk         ; 1.000        ; 0.000      ; 6.418      ;
; -5.378 ; \P1:count[18] ; \P1:count[19] ; clk          ; clk         ; 1.000        ; 0.000      ; 6.418      ;
; -5.378 ; \P1:count[18] ; \P1:count[20] ; clk          ; clk         ; 1.000        ; 0.000      ; 6.418      ;
; -5.378 ; \P1:count[18] ; \P1:count[21] ; clk          ; clk         ; 1.000        ; 0.000      ; 6.418      ;
; -5.378 ; \P1:count[18] ; \P1:count[22] ; clk          ; clk         ; 1.000        ; 0.000      ; 6.418      ;
; -5.378 ; \P1:count[18] ; \P1:count[23] ; clk          ; clk         ; 1.000        ; 0.000      ; 6.418      ;
; -5.369 ; \P1:count[15] ; \P1:count[12] ; clk          ; clk         ; 1.000        ; 0.000      ; 6.409      ;
; -5.369 ; \P1:count[15] ; \P1:count[13] ; clk          ; clk         ; 1.000        ; 0.000      ; 6.409      ;
; -5.369 ; \P1:count[15] ; \P1:count[14] ; clk          ; clk         ; 1.000        ; 0.000      ; 6.409      ;
; -5.369 ; \P1:count[15] ; \P1:count[15] ; clk          ; clk         ; 1.000        ; 0.000      ; 6.409      ;
; -5.369 ; \P1:count[15] ; \P1:count[16] ; clk          ; clk         ; 1.000        ; 0.000      ; 6.409      ;
; -5.369 ; \P1:count[15] ; \P1:count[17] ; clk          ; clk         ; 1.000        ; 0.000      ; 6.409      ;
; -5.369 ; \P1:count[15] ; \P1:count[18] ; clk          ; clk         ; 1.000        ; 0.000      ; 6.409      ;
; -5.369 ; \P1:count[15] ; \P1:count[19] ; clk          ; clk         ; 1.000        ; 0.000      ; 6.409      ;
; -5.369 ; \P1:count[15] ; \P1:count[20] ; clk          ; clk         ; 1.000        ; 0.000      ; 6.409      ;
; -5.369 ; \P1:count[15] ; \P1:count[21] ; clk          ; clk         ; 1.000        ; 0.000      ; 6.409      ;
; -5.369 ; \P1:count[15] ; \P1:count[22] ; clk          ; clk         ; 1.000        ; 0.000      ; 6.409      ;
; -5.369 ; \P1:count[15] ; \P1:count[23] ; clk          ; clk         ; 1.000        ; 0.000      ; 6.409      ;
; -5.365 ; \P1:count[13] ; \P1:count[12] ; clk          ; clk         ; 1.000        ; 0.000      ; 6.405      ;
; -5.365 ; \P1:count[13] ; \P1:count[13] ; clk          ; clk         ; 1.000        ; 0.000      ; 6.405      ;
; -5.365 ; \P1:count[13] ; \P1:count[14] ; clk          ; clk         ; 1.000        ; 0.000      ; 6.405      ;
; -5.365 ; \P1:count[13] ; \P1:count[15] ; clk          ; clk         ; 1.000        ; 0.000      ; 6.405      ;
; -5.365 ; \P1:count[13] ; \P1:count[16] ; clk          ; clk         ; 1.000        ; 0.000      ; 6.405      ;
; -5.365 ; \P1:count[13] ; \P1:count[17] ; clk          ; clk         ; 1.000        ; 0.000      ; 6.405      ;
; -5.365 ; \P1:count[13] ; \P1:count[18] ; clk          ; clk         ; 1.000        ; 0.000      ; 6.405      ;
; -5.365 ; \P1:count[13] ; \P1:count[19] ; clk          ; clk         ; 1.000        ; 0.000      ; 6.405      ;
; -5.365 ; \P1:count[13] ; \P1:count[20] ; clk          ; clk         ; 1.000        ; 0.000      ; 6.405      ;
; -5.365 ; \P1:count[13] ; \P1:count[21] ; clk          ; clk         ; 1.000        ; 0.000      ; 6.405      ;
; -5.365 ; \P1:count[13] ; \P1:count[22] ; clk          ; clk         ; 1.000        ; 0.000      ; 6.405      ;
; -5.365 ; \P1:count[13] ; \P1:count[23] ; clk          ; clk         ; 1.000        ; 0.000      ; 6.405      ;
; -5.337 ; \P1:count[2]  ; \P1:count[12] ; clk          ; clk         ; 1.000        ; 0.003      ; 6.380      ;
; -5.337 ; \P1:count[2]  ; \P1:count[13] ; clk          ; clk         ; 1.000        ; 0.003      ; 6.380      ;
; -5.337 ; \P1:count[2]  ; \P1:count[14] ; clk          ; clk         ; 1.000        ; 0.003      ; 6.380      ;
; -5.337 ; \P1:count[2]  ; \P1:count[15] ; clk          ; clk         ; 1.000        ; 0.003      ; 6.380      ;
; -5.337 ; \P1:count[2]  ; \P1:count[16] ; clk          ; clk         ; 1.000        ; 0.003      ; 6.380      ;
; -5.337 ; \P1:count[2]  ; \P1:count[17] ; clk          ; clk         ; 1.000        ; 0.003      ; 6.380      ;
; -5.337 ; \P1:count[2]  ; \P1:count[18] ; clk          ; clk         ; 1.000        ; 0.003      ; 6.380      ;
; -5.337 ; \P1:count[2]  ; \P1:count[19] ; clk          ; clk         ; 1.000        ; 0.003      ; 6.380      ;
; -5.337 ; \P1:count[2]  ; \P1:count[20] ; clk          ; clk         ; 1.000        ; 0.003      ; 6.380      ;
; -5.337 ; \P1:count[2]  ; \P1:count[21] ; clk          ; clk         ; 1.000        ; 0.003      ; 6.380      ;
; -5.337 ; \P1:count[2]  ; \P1:count[22] ; clk          ; clk         ; 1.000        ; 0.003      ; 6.380      ;
; -5.337 ; \P1:count[2]  ; \P1:count[23] ; clk          ; clk         ; 1.000        ; 0.003      ; 6.380      ;
; -5.308 ; \P1:count[17] ; \P1:count[12] ; clk          ; clk         ; 1.000        ; 0.000      ; 6.348      ;
; -5.308 ; \P1:count[17] ; \P1:count[13] ; clk          ; clk         ; 1.000        ; 0.000      ; 6.348      ;
; -5.308 ; \P1:count[17] ; \P1:count[14] ; clk          ; clk         ; 1.000        ; 0.000      ; 6.348      ;
; -5.308 ; \P1:count[17] ; \P1:count[15] ; clk          ; clk         ; 1.000        ; 0.000      ; 6.348      ;
; -5.308 ; \P1:count[17] ; \P1:count[16] ; clk          ; clk         ; 1.000        ; 0.000      ; 6.348      ;
; -5.308 ; \P1:count[17] ; \P1:count[17] ; clk          ; clk         ; 1.000        ; 0.000      ; 6.348      ;
; -5.308 ; \P1:count[17] ; \P1:count[18] ; clk          ; clk         ; 1.000        ; 0.000      ; 6.348      ;
; -5.308 ; \P1:count[17] ; \P1:count[19] ; clk          ; clk         ; 1.000        ; 0.000      ; 6.348      ;
; -5.308 ; \P1:count[17] ; \P1:count[20] ; clk          ; clk         ; 1.000        ; 0.000      ; 6.348      ;
; -5.308 ; \P1:count[17] ; \P1:count[21] ; clk          ; clk         ; 1.000        ; 0.000      ; 6.348      ;
; -5.308 ; \P1:count[17] ; \P1:count[22] ; clk          ; clk         ; 1.000        ; 0.000      ; 6.348      ;
; -5.308 ; \P1:count[17] ; \P1:count[23] ; clk          ; clk         ; 1.000        ; 0.000      ; 6.348      ;
; -5.285 ; \P1:count[3]  ; \P1:count[12] ; clk          ; clk         ; 1.000        ; 0.003      ; 6.328      ;
; -5.285 ; \P1:count[3]  ; \P1:count[13] ; clk          ; clk         ; 1.000        ; 0.003      ; 6.328      ;
; -5.285 ; \P1:count[3]  ; \P1:count[14] ; clk          ; clk         ; 1.000        ; 0.003      ; 6.328      ;
; -5.285 ; \P1:count[3]  ; \P1:count[15] ; clk          ; clk         ; 1.000        ; 0.003      ; 6.328      ;
+--------+---------------+---------------+--------------+-------------+--------------+------------+------------+


+--------------------------------------------------------------------------------------------------------------+
; Slow Model Setup: 'CLK2'                                                                                     ;
+--------+---------------+---------------+--------------+-------------+--------------+------------+------------+
; Slack  ; From Node     ; To Node       ; Launch Clock ; Latch Clock ; Relationship ; Clock Skew ; Data Delay ;
+--------+---------------+---------------+--------------+-------------+--------------+------------+------------+
; -2.650 ; \P2:count1[0] ; \P2:count1[4] ; CLK2         ; CLK2        ; 1.000        ; 0.000      ; 3.690      ;
; -2.564 ; \P2:count1[0] ; \P2:count1[3] ; CLK2         ; CLK2        ; 1.000        ; 0.000      ; 3.604      ;
; -2.498 ; \P2:count1[4] ; \P2:count1[4] ; CLK2         ; CLK2        ; 1.000        ; 0.000      ; 3.538      ;
; -2.478 ; \P2:count1[0] ; \P2:count1[2] ; CLK2         ; CLK2        ; 1.000        ; 0.000      ; 3.518      ;
; -2.412 ; \P2:count1[4] ; \P2:count1[3] ; CLK2         ; CLK2        ; 1.000        ; 0.000      ; 3.452      ;
; -2.337 ; \P2:count1[0] ; led1[3]~reg0  ; CLK2         ; CLK2        ; 1.000        ; 0.000      ; 3.377      ;
; -2.336 ; \P2:count1[0] ; led1[1]~reg0  ; CLK2         ; CLK2        ; 1.000        ; 0.000      ; 3.376      ;
; -2.326 ; \P2:count1[4] ; \P2:count1[2] ; CLK2         ; CLK2        ; 1.000        ; 0.000      ; 3.366      ;
; -2.320 ; \P2:count1[3] ; \P2:count1[4] ; CLK2         ; CLK2        ; 1.000        ; 0.000      ; 3.360      ;
; -2.234 ; \P2:count1[3] ; \P2:count1[3] ; CLK2         ; CLK2        ; 1.000        ; 0.000      ; 3.274      ;
; -2.185 ; \P2:count1[4] ; led1[3]~reg0  ; CLK2         ; CLK2        ; 1.000        ; 0.000      ; 3.225      ;
; -2.184 ; \P2:count1[4] ; led1[1]~reg0  ; CLK2         ; CLK2        ; 1.000        ; 0.000      ; 3.224      ;
; -2.149 ; \P2:count1[1] ; \P2:count1[4] ; CLK2         ; CLK2        ; 1.000        ; 0.000      ; 3.189      ;
; -2.148 ; \P2:count1[3] ; \P2:count1[2] ; CLK2         ; CLK2        ; 1.000        ; 0.000      ; 3.188      ;
; -2.063 ; \P2:count1[1] ; \P2:count1[3] ; CLK2         ; CLK2        ; 1.000        ; 0.000      ; 3.103      ;
; -2.007 ; \P2:count1[3] ; led1[3]~reg0  ; CLK2         ; CLK2        ; 1.000        ; 0.000      ; 3.047      ;
; -2.006 ; \P2:count1[3] ; led1[1]~reg0  ; CLK2         ; CLK2        ; 1.000        ; 0.000      ; 3.046      ;
; -2.000 ; \P2:count1[0] ; \P2:count1[1] ; CLK2         ; CLK2        ; 1.000        ; 0.000      ; 3.040      ;
; -1.977 ; \P2:count1[1] ; \P2:count1[2] ; CLK2         ; CLK2        ; 1.000        ; 0.000      ; 3.017      ;
; -1.904 ; \P2:count1[2] ; \P2:count1[4] ; CLK2         ; CLK2        ; 1.000        ; 0.000      ; 2.944      ;
; -1.848 ; \P2:count1[4] ; \P2:count1[1] ; CLK2         ; CLK2        ; 1.000        ; 0.000      ; 2.888      ;
; -1.818 ; \P2:count1[2] ; \P2:count1[3] ; CLK2         ; CLK2        ; 1.000        ; 0.000      ; 2.858      ;
; -1.803 ; \P2:count1[1] ; led1[3]~reg0  ; CLK2         ; CLK2        ; 1.000        ; 0.000      ; 2.843      ;
; -1.802 ; \P2:count1[1] ; led1[1]~reg0  ; CLK2         ; CLK2        ; 1.000        ; 0.000      ; 2.842      ;
; -1.739 ; \P2:count1[0] ; buzz~reg0     ; CLK2         ; CLK2        ; 1.000        ; 0.000      ; 2.779      ;
; -1.732 ; \P2:count1[2] ; \P2:count1[2] ; CLK2         ; CLK2        ; 1.000        ; 0.000      ; 2.772      ;
; -1.670 ; \P2:count1[3] ; \P2:count1[1] ; CLK2         ; CLK2        ; 1.000        ; 0.000      ; 2.710      ;
; -1.594 ; \P2:count1[2] ; led1[3]~reg0  ; CLK2         ; CLK2        ; 1.000        ; 0.000      ; 2.634      ;
; -1.593 ; \P2:count1[2] ; led1[1]~reg0  ; CLK2         ; CLK2        ; 1.000        ; 0.000      ; 2.633      ;
; -1.587 ; \P2:count1[4] ; buzz~reg0     ; CLK2         ; CLK2        ; 1.000        ; 0.000      ; 2.627      ;
; -1.499 ; \P2:count1[1] ; \P2:count1[1] ; CLK2         ; CLK2        ; 1.000        ; 0.000      ; 2.539      ;
; -1.409 ; \P2:count1[3] ; buzz~reg0     ; CLK2         ; CLK2        ; 1.000        ; 0.000      ; 2.449      ;
; -1.254 ; \P2:count1[2] ; \P2:count1[1] ; CLK2         ; CLK2        ; 1.000        ; 0.000      ; 2.294      ;
; -1.205 ; \P2:count1[1] ; buzz~reg0     ; CLK2         ; CLK2        ; 1.000        ; 0.000      ; 2.245      ;
; -0.996 ; \P2:count1[2] ; buzz~reg0     ; CLK2         ; CLK2        ; 1.000        ; 0.000      ; 2.036      ;
; -0.984 ; \P2:count1[0] ; led1[4]~reg0  ; CLK2         ; CLK2        ; 1.000        ; 0.000      ; 2.024      ;
; -0.983 ; \P2:count1[0] ; led1[2]~reg0  ; CLK2         ; CLK2        ; 1.000        ; 0.000      ; 2.023      ;
; -0.980 ; \P2:count1[0] ; led1[0]~reg0  ; CLK2         ; CLK2        ; 1.000        ; 0.000      ; 2.020      ;
; -0.832 ; \P2:count1[4] ; led1[4]~reg0  ; CLK2         ; CLK2        ; 1.000        ; 0.000      ; 1.872      ;
; -0.831 ; \P2:count1[4] ; led1[2]~reg0  ; CLK2         ; CLK2        ; 1.000        ; 0.000      ; 1.871      ;
; -0.828 ; \P2:count1[4] ; led1[0]~reg0  ; CLK2         ; CLK2        ; 1.000        ; 0.000      ; 1.868      ;
; -0.654 ; \P2:count1[3] ; led1[4]~reg0  ; CLK2         ; CLK2        ; 1.000        ; 0.000      ; 1.694      ;
; -0.653 ; \P2:count1[3] ; led1[2]~reg0  ; CLK2         ; CLK2        ; 1.000        ; 0.000      ; 1.693      ;
; -0.650 ; \P2:count1[3] ; led1[0]~reg0  ; CLK2         ; CLK2        ; 1.000        ; 0.000      ; 1.690      ;
; -0.479 ; \P2:count1[1] ; led1[0]~reg0  ; CLK2         ; CLK2        ; 1.000        ; 0.000      ; 1.519      ;
; -0.475 ; \P2:count1[1] ; led1[2]~reg0  ; CLK2         ; CLK2        ; 1.000        ; 0.000      ; 1.515      ;
; -0.472 ; \P2:count1[1] ; led1[4]~reg0  ; CLK2         ; CLK2        ; 1.000        ; 0.000      ; 1.512      ;
; -0.234 ; \P2:count1[2] ; led1[0]~reg0  ; CLK2         ; CLK2        ; 1.000        ; 0.000      ; 1.274      ;
; -0.226 ; \P2:count1[2] ; led1[4]~reg0  ; CLK2         ; CLK2        ; 1.000        ; 0.000      ; 1.266      ;
; -0.179 ; \P2:count1[2] ; led1[2]~reg0  ; CLK2         ; CLK2        ; 1.000        ; 0.000      ; 1.219      ;
; 0.235  ; \P2:count1[0] ; \P2:count1[0] ; CLK2         ; CLK2        ; 1.000        ; 0.000      ; 0.805      ;
+--------+---------------+---------------+--------------+-------------+--------------+------------+------------+


+---------------------------------------------------------------------------------------------------+
; Slow Model Setup: 'clk1'                                                                          ;
+-------+-----------+---------+--------------+-------------+--------------+------------+------------+
; Slack ; From Node ; To Node ; Launch Clock ; Latch Clock ; Relationship ; Clock Skew ; Data Delay ;
+-------+-----------+---------+--------------+-------------+--------------+------------+------------+
; 2.899 ; CLK2      ; CLK2    ; CLK2         ; clk1        ; 0.500        ; 2.860      ; 0.805      ;
; 3.399 ; CLK2      ; CLK2    ; CLK2         ; clk1        ; 1.000        ; 2.860      ; 0.805      ;
+-------+-----------+---------+--------------+-------------+--------------+------------+------------+


+----------------------------------------------------------------------------------------------------+
; Slow Model Hold: 'clk1'                                                                            ;
+--------+-----------+---------+--------------+-------------+--------------+------------+------------+
; Slack  ; From Node ; To Node ; Launch Clock ; Latch Clock ; Relationship ; Clock Skew ; Data Delay ;
+--------+-----------+---------+--------------+-------------+--------------+------------+------------+
; -2.665 ; CLK2      ; CLK2    ; CLK2         ; clk1        ; 0.000        ; 2.860      ; 0.805      ;
; -2.165 ; CLK2      ; CLK2    ; CLK2         ; clk1        ; -0.500       ; 2.860      ; 0.805      ;
+--------+-----------+---------+--------------+-------------+--------------+------------+------------+


+--------------------------------------------------------------------------------------------------------------+
; Slow Model Hold: 'clk'                                                                                       ;
+--------+---------------+---------------+--------------+-------------+--------------+------------+------------+
; Slack  ; From Node     ; To Node       ; Launch Clock ; Latch Clock ; Relationship ; Clock Skew ; Data Delay ;
+--------+---------------+---------------+--------------+-------------+--------------+------------+------------+
; -2.553 ; clk1          ; clk1          ; clk1         ; clk         ; 0.000        ; 2.748      ; 0.805      ;
; -2.053 ; clk1          ; clk1          ; clk1         ; clk         ; -0.500       ; 2.748      ; 0.805      ;
; 0.780  ; \P1:count[23] ; \P1:count[23] ; clk          ; clk         ; 0.000        ; 0.000      ; 1.086      ;
; 1.176  ; \P1:count[5]  ; \P1:count[5]  ; clk          ; clk         ; 0.000        ; 0.000      ; 1.482      ;
; 1.177  ; \P1:count[3]  ; \P1:count[3]  ; clk          ; clk         ; 0.000        ; 0.000      ; 1.483      ;
; 1.178  ; \P1:count[0]  ; \P1:count[0]  ; clk          ; clk         ; 0.000        ; 0.000      ; 1.484      ;
; 1.180  ; \P1:count[14] ; \P1:count[14] ; clk          ; clk         ; 0.000        ; 0.000      ; 1.486      ;
; 1.185  ; \P1:count[7]  ; \P1:count[7]  ; clk          ; clk         ; 0.000        ; 0.000      ; 1.491      ;
; 1.192  ; \P1:count[11] ; \P1:count[11] ; clk          ; clk         ; 0.000        ; 0.000      ; 1.498      ;
; 1.193  ; \P1:count[13] ; \P1:count[13] ; clk          ; clk         ; 0.000        ; 0.000      ; 1.499      ;
; 1.194  ; \P1:count[21] ; \P1:count[21] ; clk          ; clk         ; 0.000        ; 0.000      ; 1.500      ;
; 1.195  ; \P1:count[10] ; \P1:count[10] ; clk          ; clk         ; 0.000        ; 0.000      ; 1.501      ;
; 1.198  ; \P1:count[9]  ; \P1:count[9]  ; clk          ; clk         ; 0.000        ; 0.000      ; 1.504      ;
; 1.225  ; \P1:count[2]  ; \P1:count[2]  ; clk          ; clk         ; 0.000        ; 0.000      ; 1.531      ;
; 1.226  ; \P1:count[1]  ; \P1:count[1]  ; clk          ; clk         ; 0.000        ; 0.000      ; 1.532      ;
; 1.228  ; \P1:count[4]  ; \P1:count[4]  ; clk          ; clk         ; 0.000        ; 0.000      ; 1.534      ;
; 1.234  ; \P1:count[15] ; \P1:count[15] ; clk          ; clk         ; 0.000        ; 0.000      ; 1.540      ;
; 1.238  ; \P1:count[22] ; \P1:count[22] ; clk          ; clk         ; 0.000        ; 0.000      ; 1.544      ;
; 1.241  ; \P1:count[20] ; \P1:count[20] ; clk          ; clk         ; 0.000        ; 0.000      ; 1.547      ;
; 1.448  ; \P1:count[19] ; \P1:count[19] ; clk          ; clk         ; 0.000        ; 0.000      ; 1.754      ;
; 1.474  ; \P1:count[6]  ; \P1:count[6]  ; clk          ; clk         ; 0.000        ; 0.000      ; 1.780      ;
; 1.474  ; \P1:count[17] ; \P1:count[17] ; clk          ; clk         ; 0.000        ; 0.000      ; 1.780      ;
; 1.477  ; \P1:count[18] ; \P1:count[18] ; clk          ; clk         ; 0.000        ; 0.000      ; 1.783      ;
; 1.483  ; \P1:count[8]  ; \P1:count[8]  ; clk          ; clk         ; 0.000        ; 0.000      ; 1.789      ;
; 1.520  ; \P1:count[12] ; \P1:count[12] ; clk          ; clk         ; 0.000        ; 0.000      ; 1.826      ;
; 1.521  ; \P1:count[16] ; \P1:count[16] ; clk          ; clk         ; 0.000        ; 0.000      ; 1.827      ;
; 1.655  ; \P1:count[5]  ; \P1:count[6]  ; clk          ; clk         ; 0.000        ; 0.000      ; 1.961      ;
; 1.656  ; \P1:count[0]  ; \P1:count[1]  ; clk          ; clk         ; 0.000        ; 0.000      ; 1.962      ;
; 1.659  ; \P1:count[14] ; \P1:count[15] ; clk          ; clk         ; 0.000        ; 0.000      ; 1.965      ;
; 1.664  ; \P1:count[7]  ; \P1:count[8]  ; clk          ; clk         ; 0.000        ; 0.000      ; 1.970      ;
; 1.672  ; \P1:count[13] ; \P1:count[14] ; clk          ; clk         ; 0.000        ; 0.000      ; 1.978      ;
; 1.673  ; \P1:count[21] ; \P1:count[22] ; clk          ; clk         ; 0.000        ; 0.000      ; 1.979      ;
; 1.674  ; \P1:count[10] ; \P1:count[11] ; clk          ; clk         ; 0.000        ; 0.000      ; 1.980      ;
; 1.677  ; \P1:count[9]  ; \P1:count[10] ; clk          ; clk         ; 0.000        ; 0.000      ; 1.983      ;
; 1.705  ; \P1:count[2]  ; \P1:count[3]  ; clk          ; clk         ; 0.000        ; 0.000      ; 2.011      ;
; 1.706  ; \P1:count[1]  ; \P1:count[2]  ; clk          ; clk         ; 0.000        ; 0.000      ; 2.012      ;
; 1.708  ; \P1:count[4]  ; \P1:count[5]  ; clk          ; clk         ; 0.000        ; 0.000      ; 2.014      ;
; 1.714  ; \P1:count[15] ; \P1:count[16] ; clk          ; clk         ; 0.000        ; 0.000      ; 2.020      ;
; 1.718  ; \P1:count[22] ; \P1:count[23] ; clk          ; clk         ; 0.000        ; 0.000      ; 2.024      ;
; 1.721  ; \P1:count[20] ; \P1:count[21] ; clk          ; clk         ; 0.000        ; 0.000      ; 2.027      ;
; 1.741  ; \P1:count[5]  ; \P1:count[7]  ; clk          ; clk         ; 0.000        ; 0.000      ; 2.047      ;
; 1.742  ; \P1:count[0]  ; \P1:count[2]  ; clk          ; clk         ; 0.000        ; 0.000      ; 2.048      ;
; 1.745  ; \P1:count[14] ; \P1:count[16] ; clk          ; clk         ; 0.000        ; 0.000      ; 2.051      ;
; 1.750  ; \P1:count[7]  ; \P1:count[9]  ; clk          ; clk         ; 0.000        ; 0.000      ; 2.056      ;
; 1.758  ; \P1:count[13] ; \P1:count[15] ; clk          ; clk         ; 0.000        ; 0.000      ; 2.064      ;
; 1.759  ; \P1:count[21] ; \P1:count[23] ; clk          ; clk         ; 0.000        ; 0.000      ; 2.065      ;
; 1.763  ; \P1:count[9]  ; \P1:count[11] ; clk          ; clk         ; 0.000        ; 0.000      ; 2.069      ;
; 1.766  ; \P1:count[3]  ; \P1:count[4]  ; clk          ; clk         ; 0.000        ; 0.000      ; 2.072      ;
; 1.777  ; \P1:count[11] ; \P1:count[12] ; clk          ; clk         ; 0.000        ; 0.003      ; 2.086      ;
; 1.792  ; \P1:count[1]  ; \P1:count[3]  ; clk          ; clk         ; 0.000        ; 0.000      ; 2.098      ;
; 1.794  ; \P1:count[4]  ; \P1:count[6]  ; clk          ; clk         ; 0.000        ; 0.000      ; 2.100      ;
; 1.800  ; \P1:count[15] ; \P1:count[17] ; clk          ; clk         ; 0.000        ; 0.000      ; 2.106      ;
; 1.807  ; \P1:count[20] ; \P1:count[22] ; clk          ; clk         ; 0.000        ; 0.000      ; 2.113      ;
; 1.827  ; \P1:count[5]  ; \P1:count[8]  ; clk          ; clk         ; 0.000        ; 0.000      ; 2.133      ;
; 1.828  ; \P1:count[0]  ; \P1:count[3]  ; clk          ; clk         ; 0.000        ; 0.000      ; 2.134      ;
; 1.831  ; \P1:count[14] ; \P1:count[17] ; clk          ; clk         ; 0.000        ; 0.000      ; 2.137      ;
; 1.836  ; \P1:count[7]  ; \P1:count[10] ; clk          ; clk         ; 0.000        ; 0.000      ; 2.142      ;
; 1.844  ; \P1:count[13] ; \P1:count[16] ; clk          ; clk         ; 0.000        ; 0.000      ; 2.150      ;
; 1.846  ; \P1:count[10] ; \P1:count[12] ; clk          ; clk         ; 0.000        ; 0.003      ; 2.155      ;
; 1.852  ; \P1:count[3]  ; \P1:count[5]  ; clk          ; clk         ; 0.000        ; 0.000      ; 2.158      ;
; 1.863  ; \P1:count[11] ; \P1:count[13] ; clk          ; clk         ; 0.000        ; 0.003      ; 2.172      ;
; 1.880  ; \P1:count[4]  ; \P1:count[7]  ; clk          ; clk         ; 0.000        ; 0.000      ; 2.186      ;
; 1.886  ; \P1:count[15] ; \P1:count[18] ; clk          ; clk         ; 0.000        ; 0.000      ; 2.192      ;
; 1.893  ; \P1:count[20] ; \P1:count[23] ; clk          ; clk         ; 0.000        ; 0.000      ; 2.199      ;
; 1.895  ; \P1:count[2]  ; \P1:count[4]  ; clk          ; clk         ; 0.000        ; 0.000      ; 2.201      ;
; 1.913  ; \P1:count[5]  ; \P1:count[9]  ; clk          ; clk         ; 0.000        ; 0.000      ; 2.219      ;
; 1.917  ; \P1:count[14] ; \P1:count[18] ; clk          ; clk         ; 0.000        ; 0.000      ; 2.223      ;
; 1.922  ; \P1:count[7]  ; \P1:count[11] ; clk          ; clk         ; 0.000        ; 0.000      ; 2.228      ;
; 1.930  ; \P1:count[13] ; \P1:count[17] ; clk          ; clk         ; 0.000        ; 0.000      ; 2.236      ;
; 1.932  ; \P1:count[10] ; \P1:count[13] ; clk          ; clk         ; 0.000        ; 0.003      ; 2.241      ;
; 1.935  ; \P1:count[9]  ; \P1:count[12] ; clk          ; clk         ; 0.000        ; 0.003      ; 2.244      ;
; 1.938  ; \P1:count[3]  ; \P1:count[6]  ; clk          ; clk         ; 0.000        ; 0.000      ; 2.244      ;
; 1.949  ; \P1:count[11] ; \P1:count[14] ; clk          ; clk         ; 0.000        ; 0.003      ; 2.258      ;
; 1.953  ; \P1:count[6]  ; \P1:count[7]  ; clk          ; clk         ; 0.000        ; 0.000      ; 2.259      ;
; 1.953  ; \P1:count[17] ; \P1:count[18] ; clk          ; clk         ; 0.000        ; 0.000      ; 2.259      ;
; 1.956  ; \P1:count[18] ; \P1:count[19] ; clk          ; clk         ; 0.000        ; 0.000      ; 2.262      ;
; 1.962  ; \P1:count[8]  ; \P1:count[9]  ; clk          ; clk         ; 0.000        ; 0.000      ; 2.268      ;
; 1.966  ; \P1:count[4]  ; \P1:count[8]  ; clk          ; clk         ; 0.000        ; 0.000      ; 2.272      ;
; 1.972  ; \P1:count[15] ; \P1:count[19] ; clk          ; clk         ; 0.000        ; 0.000      ; 2.278      ;
; 1.981  ; \P1:count[2]  ; \P1:count[5]  ; clk          ; clk         ; 0.000        ; 0.000      ; 2.287      ;
; 1.982  ; \P1:count[1]  ; \P1:count[4]  ; clk          ; clk         ; 0.000        ; 0.000      ; 2.288      ;
; 1.999  ; \P1:count[5]  ; \P1:count[10] ; clk          ; clk         ; 0.000        ; 0.000      ; 2.305      ;
; 2.000  ; \P1:count[12] ; \P1:count[13] ; clk          ; clk         ; 0.000        ; 0.000      ; 2.306      ;
; 2.001  ; \P1:count[16] ; \P1:count[17] ; clk          ; clk         ; 0.000        ; 0.000      ; 2.307      ;
; 2.003  ; \P1:count[14] ; \P1:count[19] ; clk          ; clk         ; 0.000        ; 0.000      ; 2.309      ;
; 2.016  ; \P1:count[13] ; \P1:count[18] ; clk          ; clk         ; 0.000        ; 0.000      ; 2.322      ;
; 2.018  ; \P1:count[10] ; \P1:count[14] ; clk          ; clk         ; 0.000        ; 0.003      ; 2.327      ;
; 2.018  ; \P1:count[0]  ; \P1:count[4]  ; clk          ; clk         ; 0.000        ; 0.000      ; 2.324      ;
; 2.021  ; \P1:count[9]  ; \P1:count[13] ; clk          ; clk         ; 0.000        ; 0.003      ; 2.330      ;
; 2.024  ; \P1:count[3]  ; \P1:count[7]  ; clk          ; clk         ; 0.000        ; 0.000      ; 2.330      ;
; 2.035  ; \P1:count[11] ; \P1:count[15] ; clk          ; clk         ; 0.000        ; 0.003      ; 2.344      ;
; 2.039  ; \P1:count[6]  ; \P1:count[8]  ; clk          ; clk         ; 0.000        ; 0.000      ; 2.345      ;
; 2.039  ; \P1:count[17] ; \P1:count[19] ; clk          ; clk         ; 0.000        ; 0.000      ; 2.345      ;
; 2.042  ; \P1:count[19] ; \P1:count[20] ; clk          ; clk         ; 0.000        ; 0.000      ; 2.348      ;
; 2.048  ; \P1:count[8]  ; \P1:count[10] ; clk          ; clk         ; 0.000        ; 0.000      ; 2.354      ;
; 2.052  ; \P1:count[4]  ; \P1:count[9]  ; clk          ; clk         ; 0.000        ; 0.000      ; 2.358      ;
; 2.067  ; \P1:count[2]  ; \P1:count[6]  ; clk          ; clk         ; 0.000        ; 0.000      ; 2.373      ;
; 2.068  ; \P1:count[1]  ; \P1:count[5]  ; clk          ; clk         ; 0.000        ; 0.000      ; 2.374      ;
; 2.085  ; \P1:count[5]  ; \P1:count[11] ; clk          ; clk         ; 0.000        ; 0.000      ; 2.391      ;
; 2.086  ; \P1:count[12] ; \P1:count[14] ; clk          ; clk         ; 0.000        ; 0.000      ; 2.392      ;
+--------+---------------+---------------+--------------+-------------+--------------+------------+------------+


+-------------------------------------------------------------------------------------------------------------+
; Slow Model Hold: 'CLK2'                                                                                     ;
+-------+---------------+---------------+--------------+-------------+--------------+------------+------------+
; Slack ; From Node     ; To Node       ; Launch Clock ; Latch Clock ; Relationship ; Clock Skew ; Data Delay ;
+-------+---------------+---------------+--------------+-------------+--------------+------------+------------+
; 0.499 ; \P2:count1[0] ; \P2:count1[0] ; CLK2         ; CLK2        ; 0.000        ; 0.000      ; 0.805      ;
; 0.913 ; \P2:count1[2] ; led1[2]~reg0  ; CLK2         ; CLK2        ; 0.000        ; 0.000      ; 1.219      ;
; 0.960 ; \P2:count1[2] ; led1[4]~reg0  ; CLK2         ; CLK2        ; 0.000        ; 0.000      ; 1.266      ;
; 0.968 ; \P2:count1[2] ; led1[0]~reg0  ; CLK2         ; CLK2        ; 0.000        ; 0.000      ; 1.274      ;
; 1.058 ; \P2:count1[4] ; buzz~reg0     ; CLK2         ; CLK2        ; 0.000        ; 0.000      ; 1.364      ;
; 1.060 ; \P2:count1[4] ; \P2:count1[4] ; CLK2         ; CLK2        ; 0.000        ; 0.000      ; 1.366      ;
; 1.127 ; \P2:count1[3] ; buzz~reg0     ; CLK2         ; CLK2        ; 0.000        ; 0.000      ; 1.433      ;
; 1.199 ; \P2:count1[3] ; \P2:count1[3] ; CLK2         ; CLK2        ; 0.000        ; 0.000      ; 1.505      ;
; 1.206 ; \P2:count1[1] ; led1[4]~reg0  ; CLK2         ; CLK2        ; 0.000        ; 0.000      ; 1.512      ;
; 1.209 ; \P2:count1[1] ; led1[2]~reg0  ; CLK2         ; CLK2        ; 0.000        ; 0.000      ; 1.515      ;
; 1.213 ; \P2:count1[1] ; led1[0]~reg0  ; CLK2         ; CLK2        ; 0.000        ; 0.000      ; 1.519      ;
; 1.262 ; \P2:count1[2] ; \P2:count1[2] ; CLK2         ; CLK2        ; 0.000        ; 0.000      ; 1.568      ;
; 1.273 ; \P2:count1[2] ; buzz~reg0     ; CLK2         ; CLK2        ; 0.000        ; 0.000      ; 1.579      ;
; 1.384 ; \P2:count1[3] ; led1[0]~reg0  ; CLK2         ; CLK2        ; 0.000        ; 0.000      ; 1.690      ;
; 1.387 ; \P2:count1[3] ; led1[2]~reg0  ; CLK2         ; CLK2        ; 0.000        ; 0.000      ; 1.693      ;
; 1.388 ; \P2:count1[3] ; led1[4]~reg0  ; CLK2         ; CLK2        ; 0.000        ; 0.000      ; 1.694      ;
; 1.542 ; \P2:count1[0] ; \P2:count1[1] ; CLK2         ; CLK2        ; 0.000        ; 0.000      ; 1.848      ;
; 1.542 ; \P2:count1[0] ; led1[3]~reg0  ; CLK2         ; CLK2        ; 0.000        ; 0.000      ; 1.848      ;
; 1.543 ; \P2:count1[0] ; led1[1]~reg0  ; CLK2         ; CLK2        ; 0.000        ; 0.000      ; 1.849      ;
; 1.562 ; \P2:count1[4] ; led1[0]~reg0  ; CLK2         ; CLK2        ; 0.000        ; 0.000      ; 1.868      ;
; 1.565 ; \P2:count1[4] ; led1[2]~reg0  ; CLK2         ; CLK2        ; 0.000        ; 0.000      ; 1.871      ;
; 1.566 ; \P2:count1[4] ; led1[4]~reg0  ; CLK2         ; CLK2        ; 0.000        ; 0.000      ; 1.872      ;
; 1.655 ; \P2:count1[4] ; led1[1]~reg0  ; CLK2         ; CLK2        ; 0.000        ; 0.000      ; 1.961      ;
; 1.656 ; \P2:count1[4] ; led1[3]~reg0  ; CLK2         ; CLK2        ; 0.000        ; 0.000      ; 1.962      ;
; 1.678 ; \P2:count1[3] ; \P2:count1[4] ; CLK2         ; CLK2        ; 0.000        ; 0.000      ; 1.984      ;
; 1.684 ; \P2:count1[2] ; led1[1]~reg0  ; CLK2         ; CLK2        ; 0.000        ; 0.000      ; 1.990      ;
; 1.714 ; \P2:count1[0] ; led1[0]~reg0  ; CLK2         ; CLK2        ; 0.000        ; 0.000      ; 2.020      ;
; 1.717 ; \P2:count1[0] ; led1[2]~reg0  ; CLK2         ; CLK2        ; 0.000        ; 0.000      ; 2.023      ;
; 1.718 ; \P2:count1[0] ; led1[4]~reg0  ; CLK2         ; CLK2        ; 0.000        ; 0.000      ; 2.024      ;
; 1.724 ; \P2:count1[3] ; led1[1]~reg0  ; CLK2         ; CLK2        ; 0.000        ; 0.000      ; 2.030      ;
; 1.725 ; \P2:count1[3] ; led1[3]~reg0  ; CLK2         ; CLK2        ; 0.000        ; 0.000      ; 2.031      ;
; 1.736 ; \P2:count1[2] ; led1[3]~reg0  ; CLK2         ; CLK2        ; 0.000        ; 0.000      ; 2.042      ;
; 1.739 ; \P2:count1[2] ; \P2:count1[3] ; CLK2         ; CLK2        ; 0.000        ; 0.000      ; 2.045      ;
; 1.825 ; \P2:count1[2] ; \P2:count1[4] ; CLK2         ; CLK2        ; 0.000        ; 0.000      ; 2.131      ;
; 1.929 ; \P2:count1[1] ; led1[1]~reg0  ; CLK2         ; CLK2        ; 0.000        ; 0.000      ; 2.235      ;
; 1.939 ; \P2:count1[1] ; buzz~reg0     ; CLK2         ; CLK2        ; 0.000        ; 0.000      ; 2.245      ;
; 1.981 ; \P2:count1[1] ; led1[3]~reg0  ; CLK2         ; CLK2        ; 0.000        ; 0.000      ; 2.287      ;
; 1.988 ; \P2:count1[2] ; \P2:count1[1] ; CLK2         ; CLK2        ; 0.000        ; 0.000      ; 2.294      ;
; 2.019 ; \P2:count1[0] ; \P2:count1[2] ; CLK2         ; CLK2        ; 0.000        ; 0.000      ; 2.325      ;
; 2.105 ; \P2:count1[0] ; \P2:count1[3] ; CLK2         ; CLK2        ; 0.000        ; 0.000      ; 2.411      ;
; 2.191 ; \P2:count1[0] ; \P2:count1[4] ; CLK2         ; CLK2        ; 0.000        ; 0.000      ; 2.497      ;
; 2.196 ; \P2:count1[1] ; \P2:count1[2] ; CLK2         ; CLK2        ; 0.000        ; 0.000      ; 2.502      ;
; 2.233 ; \P2:count1[1] ; \P2:count1[1] ; CLK2         ; CLK2        ; 0.000        ; 0.000      ; 2.539      ;
; 2.400 ; \P2:count1[3] ; \P2:count1[2] ; CLK2         ; CLK2        ; 0.000        ; 0.000      ; 2.706      ;
; 2.404 ; \P2:count1[3] ; \P2:count1[1] ; CLK2         ; CLK2        ; 0.000        ; 0.000      ; 2.710      ;
; 2.473 ; \P2:count1[0] ; buzz~reg0     ; CLK2         ; CLK2        ; 0.000        ; 0.000      ; 2.779      ;
; 2.578 ; \P2:count1[4] ; \P2:count1[2] ; CLK2         ; CLK2        ; 0.000        ; 0.000      ; 2.884      ;
; 2.582 ; \P2:count1[4] ; \P2:count1[1] ; CLK2         ; CLK2        ; 0.000        ; 0.000      ; 2.888      ;
; 2.674 ; \P2:count1[1] ; \P2:count1[3] ; CLK2         ; CLK2        ; 0.000        ; 0.000      ; 2.980      ;
; 2.760 ; \P2:count1[1] ; \P2:count1[4] ; CLK2         ; CLK2        ; 0.000        ; 0.000      ; 3.066      ;
; 3.056 ; \P2:count1[4] ; \P2:count1[3] ; CLK2         ; CLK2        ; 0.000        ; 0.000      ; 3.362      ;
+-------+---------------+---------------+--------------+-------------+--------------+------------+------------+


+----------------------------------------------------------------------------------------------------+
; Slow Model Minimum Pulse Width: 'clk'                                                              ;
+--------+--------------+----------------+------------------+-------+------------+-------------------+
; Slack  ; Actual Width ; Required Width ; Type             ; Clock ; Clock Edge ; Target            ;
+--------+--------------+----------------+------------------+-------+------------+-------------------+
; -1.941 ; 1.000        ; 2.941          ; Port Rate        ; clk   ; Rise       ; clk               ;
; -0.742 ; 0.500        ; 1.242          ; High Pulse Width ; clk   ; Rise       ; \P1:count[0]      ;
; -0.742 ; 0.500        ; 1.242          ; Low Pulse Width  ; clk   ; Rise       ; \P1:count[0]      ;
; -0.742 ; 0.500        ; 1.242          ; High Pulse Width ; clk   ; Rise       ; \P1:count[10]     ;
; -0.742 ; 0.500        ; 1.242          ; Low Pulse Width  ; clk   ; Rise       ; \P1:count[10]     ;
; -0.742 ; 0.500        ; 1.242          ; High Pulse Width ; clk   ; Rise       ; \P1:count[11]     ;
; -0.742 ; 0.500        ; 1.242          ; Low Pulse Width  ; clk   ; Rise       ; \P1:count[11]     ;
; -0.742 ; 0.500        ; 1.242          ; High Pulse Width ; clk   ; Rise       ; \P1:count[12]     ;
; -0.742 ; 0.500        ; 1.242          ; Low Pulse Width  ; clk   ; Rise       ; \P1:count[12]     ;
; -0.742 ; 0.500        ; 1.242          ; High Pulse Width ; clk   ; Rise       ; \P1:count[13]     ;
; -0.742 ; 0.500        ; 1.242          ; Low Pulse Width  ; clk   ; Rise       ; \P1:count[13]     ;
; -0.742 ; 0.500        ; 1.242          ; High Pulse Width ; clk   ; Rise       ; \P1:count[14]     ;
; -0.742 ; 0.500        ; 1.242          ; Low Pulse Width  ; clk   ; Rise       ; \P1:count[14]     ;
; -0.742 ; 0.500        ; 1.242          ; High Pulse Width ; clk   ; Rise       ; \P1:count[15]     ;
; -0.742 ; 0.500        ; 1.242          ; Low Pulse Width  ; clk   ; Rise       ; \P1:count[15]     ;
; -0.742 ; 0.500        ; 1.242          ; High Pulse Width ; clk   ; Rise       ; \P1:count[16]     ;
; -0.742 ; 0.500        ; 1.242          ; Low Pulse Width  ; clk   ; Rise       ; \P1:count[16]     ;
; -0.742 ; 0.500        ; 1.242          ; High Pulse Width ; clk   ; Rise       ; \P1:count[17]     ;
; -0.742 ; 0.500        ; 1.242          ; Low Pulse Width  ; clk   ; Rise       ; \P1:count[17]     ;
; -0.742 ; 0.500        ; 1.242          ; High Pulse Width ; clk   ; Rise       ; \P1:count[18]     ;
; -0.742 ; 0.500        ; 1.242          ; Low Pulse Width  ; clk   ; Rise       ; \P1:count[18]     ;
; -0.742 ; 0.500        ; 1.242          ; High Pulse Width ; clk   ; Rise       ; \P1:count[19]     ;
; -0.742 ; 0.500        ; 1.242          ; Low Pulse Width  ; clk   ; Rise       ; \P1:count[19]     ;
; -0.742 ; 0.500        ; 1.242          ; High Pulse Width ; clk   ; Rise       ; \P1:count[1]      ;
; -0.742 ; 0.500        ; 1.242          ; Low Pulse Width  ; clk   ; Rise       ; \P1:count[1]      ;
; -0.742 ; 0.500        ; 1.242          ; High Pulse Width ; clk   ; Rise       ; \P1:count[20]     ;
; -0.742 ; 0.500        ; 1.242          ; Low Pulse Width  ; clk   ; Rise       ; \P1:count[20]     ;
; -0.742 ; 0.500        ; 1.242          ; High Pulse Width ; clk   ; Rise       ; \P1:count[21]     ;
; -0.742 ; 0.500        ; 1.242          ; Low Pulse Width  ; clk   ; Rise       ; \P1:count[21]     ;
; -0.742 ; 0.500        ; 1.242          ; High Pulse Width ; clk   ; Rise       ; \P1:count[22]     ;
; -0.742 ; 0.500        ; 1.242          ; Low Pulse Width  ; clk   ; Rise       ; \P1:count[22]     ;
; -0.742 ; 0.500        ; 1.242          ; High Pulse Width ; clk   ; Rise       ; \P1:count[23]     ;
; -0.742 ; 0.500        ; 1.242          ; Low Pulse Width  ; clk   ; Rise       ; \P1:count[23]     ;
; -0.742 ; 0.500        ; 1.242          ; High Pulse Width ; clk   ; Rise       ; \P1:count[2]      ;
; -0.742 ; 0.500        ; 1.242          ; Low Pulse Width  ; clk   ; Rise       ; \P1:count[2]      ;
; -0.742 ; 0.500        ; 1.242          ; High Pulse Width ; clk   ; Rise       ; \P1:count[3]      ;
; -0.742 ; 0.500        ; 1.242          ; Low Pulse Width  ; clk   ; Rise       ; \P1:count[3]      ;
; -0.742 ; 0.500        ; 1.242          ; High Pulse Width ; clk   ; Rise       ; \P1:count[4]      ;
; -0.742 ; 0.500        ; 1.242          ; Low Pulse Width  ; clk   ; Rise       ; \P1:count[4]      ;
; -0.742 ; 0.500        ; 1.242          ; High Pulse Width ; clk   ; Rise       ; \P1:count[5]      ;
; -0.742 ; 0.500        ; 1.242          ; Low Pulse Width  ; clk   ; Rise       ; \P1:count[5]      ;
; -0.742 ; 0.500        ; 1.242          ; High Pulse Width ; clk   ; Rise       ; \P1:count[6]      ;
; -0.742 ; 0.500        ; 1.242          ; Low Pulse Width  ; clk   ; Rise       ; \P1:count[6]      ;
; -0.742 ; 0.500        ; 1.242          ; High Pulse Width ; clk   ; Rise       ; \P1:count[7]      ;
; -0.742 ; 0.500        ; 1.242          ; Low Pulse Width  ; clk   ; Rise       ; \P1:count[7]      ;
; -0.742 ; 0.500        ; 1.242          ; High Pulse Width ; clk   ; Rise       ; \P1:count[8]      ;
; -0.742 ; 0.500        ; 1.242          ; Low Pulse Width  ; clk   ; Rise       ; \P1:count[8]      ;
; -0.742 ; 0.500        ; 1.242          ; High Pulse Width ; clk   ; Rise       ; \P1:count[9]      ;
; -0.742 ; 0.500        ; 1.242          ; Low Pulse Width  ; clk   ; Rise       ; \P1:count[9]      ;
; -0.742 ; 0.500        ; 1.242          ; High Pulse Width ; clk   ; Rise       ; clk1              ;
; -0.742 ; 0.500        ; 1.242          ; Low Pulse Width  ; clk   ; Rise       ; clk1              ;
; 0.500  ; 0.500        ; 0.000          ; High Pulse Width ; clk   ; Rise       ; \P1:count[0]|clk  ;
; 0.500  ; 0.500        ; 0.000          ; Low Pulse Width  ; clk   ; Rise       ; \P1:count[0]|clk  ;
; 0.500  ; 0.500        ; 0.000          ; High Pulse Width ; clk   ; Rise       ; \P1:count[10]|clk ;
; 0.500  ; 0.500        ; 0.000          ; Low Pulse Width  ; clk   ; Rise       ; \P1:count[10]|clk ;
; 0.500  ; 0.500        ; 0.000          ; High Pulse Width ; clk   ; Rise       ; \P1:count[11]|clk ;
; 0.500  ; 0.500        ; 0.000          ; Low Pulse Width  ; clk   ; Rise       ; \P1:count[11]|clk ;
; 0.500  ; 0.500        ; 0.000          ; High Pulse Width ; clk   ; Rise       ; \P1:count[12]|clk ;
; 0.500  ; 0.500        ; 0.000          ; Low Pulse Width  ; clk   ; Rise       ; \P1:count[12]|clk ;
; 0.500  ; 0.500        ; 0.000          ; High Pulse Width ; clk   ; Rise       ; \P1:count[13]|clk ;
; 0.500  ; 0.500        ; 0.000          ; Low Pulse Width  ; clk   ; Rise       ; \P1:count[13]|clk ;
; 0.500  ; 0.500        ; 0.000          ; High Pulse Width ; clk   ; Rise       ; \P1:count[14]|clk ;
; 0.500  ; 0.500        ; 0.000          ; Low Pulse Width  ; clk   ; Rise       ; \P1:count[14]|clk ;
; 0.500  ; 0.500        ; 0.000          ; High Pulse Width ; clk   ; Rise       ; \P1:count[15]|clk ;
; 0.500  ; 0.500        ; 0.000          ; Low Pulse Width  ; clk   ; Rise       ; \P1:count[15]|clk ;
; 0.500  ; 0.500        ; 0.000          ; High Pulse Width ; clk   ; Rise       ; \P1:count[16]|clk ;
; 0.500  ; 0.500        ; 0.000          ; Low Pulse Width  ; clk   ; Rise       ; \P1:count[16]|clk ;
; 0.500  ; 0.500        ; 0.000          ; High Pulse Width ; clk   ; Rise       ; \P1:count[17]|clk ;
; 0.500  ; 0.500        ; 0.000          ; Low Pulse Width  ; clk   ; Rise       ; \P1:count[17]|clk ;
; 0.500  ; 0.500        ; 0.000          ; High Pulse Width ; clk   ; Rise       ; \P1:count[18]|clk ;
; 0.500  ; 0.500        ; 0.000          ; Low Pulse Width  ; clk   ; Rise       ; \P1:count[18]|clk ;
; 0.500  ; 0.500        ; 0.000          ; High Pulse Width ; clk   ; Rise       ; \P1:count[19]|clk ;
; 0.500  ; 0.500        ; 0.000          ; Low Pulse Width  ; clk   ; Rise       ; \P1:count[19]|clk ;
; 0.500  ; 0.500        ; 0.000          ; High Pulse Width ; clk   ; Rise       ; \P1:count[1]|clk  ;
; 0.500  ; 0.500        ; 0.000          ; Low Pulse Width  ; clk   ; Rise       ; \P1:count[1]|clk  ;
; 0.500  ; 0.500        ; 0.000          ; High Pulse Width ; clk   ; Rise       ; \P1:count[20]|clk ;
; 0.500  ; 0.500        ; 0.000          ; Low Pulse Width  ; clk   ; Rise       ; \P1:count[20]|clk ;
; 0.500  ; 0.500        ; 0.000          ; High Pulse Width ; clk   ; Rise       ; \P1:count[21]|clk ;
; 0.500  ; 0.500        ; 0.000          ; Low Pulse Width  ; clk   ; Rise       ; \P1:count[21]|clk ;
; 0.500  ; 0.500        ; 0.000          ; High Pulse Width ; clk   ; Rise       ; \P1:count[22]|clk ;
; 0.500  ; 0.500        ; 0.000          ; Low Pulse Width  ; clk   ; Rise       ; \P1:count[22]|clk ;
; 0.500  ; 0.500        ; 0.000          ; High Pulse Width ; clk   ; Rise       ; \P1:count[23]|clk ;
; 0.500  ; 0.500        ; 0.000          ; Low Pulse Width  ; clk   ; Rise       ; \P1:count[23]|clk ;
; 0.500  ; 0.500        ; 0.000          ; High Pulse Width ; clk   ; Rise       ; \P1:count[2]|clk  ;
; 0.500  ; 0.500        ; 0.000          ; Low Pulse Width  ; clk   ; Rise       ; \P1:count[2]|clk  ;
; 0.500  ; 0.500        ; 0.000          ; High Pulse Width ; clk   ; Rise       ; \P1:count[3]|clk  ;
; 0.500  ; 0.500        ; 0.000          ; Low Pulse Width  ; clk   ; Rise       ; \P1:count[3]|clk  ;
; 0.500  ; 0.500        ; 0.000          ; High Pulse Width ; clk   ; Rise       ; \P1:count[4]|clk  ;
; 0.500  ; 0.500        ; 0.000          ; Low Pulse Width  ; clk   ; Rise       ; \P1:count[4]|clk  ;
; 0.500  ; 0.500        ; 0.000          ; High Pulse Width ; clk   ; Rise       ; \P1:count[5]|clk  ;
; 0.500  ; 0.500        ; 0.000          ; Low Pulse Width  ; clk   ; Rise       ; \P1:count[5]|clk  ;
; 0.500  ; 0.500        ; 0.000          ; High Pulse Width ; clk   ; Rise       ; \P1:count[6]|clk  ;
; 0.500  ; 0.500        ; 0.000          ; Low Pulse Width  ; clk   ; Rise       ; \P1:count[6]|clk  ;
; 0.500  ; 0.500        ; 0.000          ; High Pulse Width ; clk   ; Rise       ; \P1:count[7]|clk  ;
; 0.500  ; 0.500        ; 0.000          ; Low Pulse Width  ; clk   ; Rise       ; \P1:count[7]|clk  ;
; 0.500  ; 0.500        ; 0.000          ; High Pulse Width ; clk   ; Rise       ; \P1:count[8]|clk  ;
; 0.500  ; 0.500        ; 0.000          ; Low Pulse Width  ; clk   ; Rise       ; \P1:count[8]|clk  ;
; 0.500  ; 0.500        ; 0.000          ; High Pulse Width ; clk   ; Rise       ; \P1:count[9]|clk  ;
; 0.500  ; 0.500        ; 0.000          ; Low Pulse Width  ; clk   ; Rise       ; \P1:count[9]|clk  ;
; 0.500  ; 0.500        ; 0.000          ; High Pulse Width ; clk   ; Rise       ; clk1|clk          ;
+--------+--------------+----------------+------------------+-------+------------+-------------------+


+--------------------------------------------------------------------------------------------------------+
; Slow Model Minimum Pulse Width: 'CLK2'                                                                 ;
+--------+--------------+----------------+------------------+-------+------------+-----------------------+
; Slack  ; Actual Width ; Required Width ; Type             ; Clock ; Clock Edge ; Target                ;
+--------+--------------+----------------+------------------+-------+------------+-----------------------+
; -0.742 ; 0.500        ; 1.242          ; High Pulse Width ; CLK2  ; Rise       ; \P2:count1[0]         ;
; -0.742 ; 0.500        ; 1.242          ; Low Pulse Width  ; CLK2  ; Rise       ; \P2:count1[0]         ;
; -0.742 ; 0.500        ; 1.242          ; High Pulse Width ; CLK2  ; Rise       ; \P2:count1[1]         ;
; -0.742 ; 0.500        ; 1.242          ; Low Pulse Width  ; CLK2  ; Rise       ; \P2:count1[1]         ;
; -0.742 ; 0.500        ; 1.242          ; High Pulse Width ; CLK2  ; Rise       ; \P2:count1[2]         ;
; -0.742 ; 0.500        ; 1.242          ; Low Pulse Width  ; CLK2  ; Rise       ; \P2:count1[2]         ;
; -0.742 ; 0.500        ; 1.242          ; High Pulse Width ; CLK2  ; Rise       ; \P2:count1[3]         ;
; -0.742 ; 0.500        ; 1.242          ; Low Pulse Width  ; CLK2  ; Rise       ; \P2:count1[3]         ;
; -0.742 ; 0.500        ; 1.242          ; High Pulse Width ; CLK2  ; Rise       ; \P2:count1[4]         ;
; -0.742 ; 0.500        ; 1.242          ; Low Pulse Width  ; CLK2  ; Rise       ; \P2:count1[4]         ;
; -0.742 ; 0.500        ; 1.242          ; High Pulse Width ; CLK2  ; Rise       ; buzz~reg0             ;
; -0.742 ; 0.500        ; 1.242          ; Low Pulse Width  ; CLK2  ; Rise       ; buzz~reg0             ;
; -0.742 ; 0.500        ; 1.242          ; High Pulse Width ; CLK2  ; Rise       ; led1[0]~reg0          ;
; -0.742 ; 0.500        ; 1.242          ; Low Pulse Width  ; CLK2  ; Rise       ; led1[0]~reg0          ;
; -0.742 ; 0.500        ; 1.242          ; High Pulse Width ; CLK2  ; Rise       ; led1[1]~reg0          ;
; -0.742 ; 0.500        ; 1.242          ; Low Pulse Width  ; CLK2  ; Rise       ; led1[1]~reg0          ;
; -0.742 ; 0.500        ; 1.242          ; High Pulse Width ; CLK2  ; Rise       ; led1[2]~reg0          ;
; -0.742 ; 0.500        ; 1.242          ; Low Pulse Width  ; CLK2  ; Rise       ; led1[2]~reg0          ;
; -0.742 ; 0.500        ; 1.242          ; High Pulse Width ; CLK2  ; Rise       ; led1[3]~reg0          ;
; -0.742 ; 0.500        ; 1.242          ; Low Pulse Width  ; CLK2  ; Rise       ; led1[3]~reg0          ;
; -0.742 ; 0.500        ; 1.242          ; High Pulse Width ; CLK2  ; Rise       ; led1[4]~reg0          ;
; -0.742 ; 0.500        ; 1.242          ; Low Pulse Width  ; CLK2  ; Rise       ; led1[4]~reg0          ;
; 0.500  ; 0.500        ; 0.000          ; High Pulse Width ; CLK2  ; Rise       ; CLK2|regout           ;
; 0.500  ; 0.500        ; 0.000          ; Low Pulse Width  ; CLK2  ; Rise       ; CLK2|regout           ;
; 0.500  ; 0.500        ; 0.000          ; High Pulse Width ; CLK2  ; Rise       ; CLK2~clkctrl|inclk[0] ;
; 0.500  ; 0.500        ; 0.000          ; Low Pulse Width  ; CLK2  ; Rise       ; CLK2~clkctrl|inclk[0] ;
; 0.500  ; 0.500        ; 0.000          ; High Pulse Width ; CLK2  ; Rise       ; CLK2~clkctrl|outclk   ;
; 0.500  ; 0.500        ; 0.000          ; Low Pulse Width  ; CLK2  ; Rise       ; CLK2~clkctrl|outclk   ;
; 0.500  ; 0.500        ; 0.000          ; High Pulse Width ; CLK2  ; Rise       ; \P2:count1[0]|clk     ;
; 0.500  ; 0.500        ; 0.000          ; Low Pulse Width  ; CLK2  ; Rise       ; \P2:count1[0]|clk     ;
; 0.500  ; 0.500        ; 0.000          ; High Pulse Width ; CLK2  ; Rise       ; \P2:count1[1]|clk     ;
; 0.500  ; 0.500        ; 0.000          ; Low Pulse Width  ; CLK2  ; Rise       ; \P2:count1[1]|clk     ;
; 0.500  ; 0.500        ; 0.000          ; High Pulse Width ; CLK2  ; Rise       ; \P2:count1[2]|clk     ;
; 0.500  ; 0.500        ; 0.000          ; Low Pulse Width  ; CLK2  ; Rise       ; \P2:count1[2]|clk     ;
; 0.500  ; 0.500        ; 0.000          ; High Pulse Width ; CLK2  ; Rise       ; \P2:count1[3]|clk     ;
; 0.500  ; 0.500        ; 0.000          ; Low Pulse Width  ; CLK2  ; Rise       ; \P2:count1[3]|clk     ;
; 0.500  ; 0.500        ; 0.000          ; High Pulse Width ; CLK2  ; Rise       ; \P2:count1[4]|clk     ;
; 0.500  ; 0.500        ; 0.000          ; Low Pulse Width  ; CLK2  ; Rise       ; \P2:count1[4]|clk     ;
; 0.500  ; 0.500        ; 0.000          ; High Pulse Width ; CLK2  ; Rise       ; buzz~reg0|clk         ;
; 0.500  ; 0.500        ; 0.000          ; Low Pulse Width  ; CLK2  ; Rise       ; buzz~reg0|clk         ;
; 0.500  ; 0.500        ; 0.000          ; High Pulse Width ; CLK2  ; Rise       ; led1[0]~reg0|clk      ;
; 0.500  ; 0.500        ; 0.000          ; Low Pulse Width  ; CLK2  ; Rise       ; led1[0]~reg0|clk      ;
; 0.500  ; 0.500        ; 0.000          ; High Pulse Width ; CLK2  ; Rise       ; led1[1]~reg0|clk      ;
; 0.500  ; 0.500        ; 0.000          ; Low Pulse Width  ; CLK2  ; Rise       ; led1[1]~reg0|clk      ;
; 0.500  ; 0.500        ; 0.000          ; High Pulse Width ; CLK2  ; Rise       ; led1[2]~reg0|clk      ;
; 0.500  ; 0.500        ; 0.000          ; Low Pulse Width  ; CLK2  ; Rise       ; led1[2]~reg0|clk      ;
; 0.500  ; 0.500        ; 0.000          ; High Pulse Width ; CLK2  ; Rise       ; led1[3]~reg0|clk      ;
; 0.500  ; 0.500        ; 0.000          ; Low Pulse Width  ; CLK2  ; Rise       ; led1[3]~reg0|clk      ;
; 0.500  ; 0.500        ; 0.000          ; High Pulse Width ; CLK2  ; Rise       ; led1[4]~reg0|clk      ;
; 0.500  ; 0.500        ; 0.000          ; Low Pulse Width  ; CLK2  ; Rise       ; led1[4]~reg0|clk      ;
+--------+--------------+----------------+------------------+-------+------------+-----------------------+


+----------------------------------------------------------------------------------------------+
; Slow Model Minimum Pulse Width: 'clk1'                                                       ;
+--------+--------------+----------------+------------------+-------+------------+-------------+
; Slack  ; Actual Width ; Required Width ; Type             ; Clock ; Clock Edge ; Target      ;
+--------+--------------+----------------+------------------+-------+------------+-------------+
; -0.742 ; 0.500        ; 1.242          ; High Pulse Width ; clk1  ; Rise       ; CLK2        ;
; -0.742 ; 0.500        ; 1.242          ; Low Pulse Width  ; clk1  ; Rise       ; CLK2        ;
; 0.500  ; 0.500        ; 0.000          ; High Pulse Width ; clk1  ; Rise       ; CLK2|clk    ;
; 0.500  ; 0.500        ; 0.000          ; Low Pulse Width  ; clk1  ; Rise       ; CLK2|clk    ;
; 0.500  ; 0.500        ; 0.000          ; High Pulse Width ; clk1  ; Rise       ; clk1|regout ;
; 0.500  ; 0.500        ; 0.000          ; Low Pulse Width  ; clk1  ; Rise       ; clk1|regout ;
+--------+--------------+----------------+------------------+-------+------------+-------------+


+-----------------------------------------------------------------------+
; Clock to Output Times                                                 ;
+-----------+------------+-------+-------+------------+-----------------+
; Data Port ; Clock Port ; Rise  ; Fall  ; Clock Edge ; Clock Reference ;
+-----------+------------+-------+-------+------------+-----------------+
; buzz      ; CLK2       ; 6.740 ; 6.740 ; Rise       ; CLK2            ;
; led1[*]   ; CLK2       ; 7.047 ; 7.047 ; Rise       ; CLK2            ;
;  led1[0]  ; CLK2       ; 6.332 ; 6.332 ; Rise       ; CLK2            ;
;  led1[1]  ; CLK2       ; 6.344 ; 6.344 ; Rise       ; CLK2            ;
;  led1[2]  ; CLK2       ; 7.035 ; 7.035 ; Rise       ; CLK2            ;
;  led1[3]  ; CLK2       ; 7.047 ; 7.047 ; Rise       ; CLK2            ;
;  led1[4]  ; CLK2       ; 6.332 ; 6.332 ; Rise       ; CLK2            ;
+-----------+------------+-------+-------+------------+-----------------+


+-----------------------------------------------------------------------+
; Minimum Clock to Output Times                                         ;
+-----------+------------+-------+-------+------------+-----------------+
; Data Port ; Clock Port ; Rise  ; Fall  ; Clock Edge ; Clock Reference ;
+-----------+------------+-------+-------+------------+-----------------+
; buzz      ; CLK2       ; 6.740 ; 6.740 ; Rise       ; CLK2            ;
; led1[*]   ; CLK2       ; 6.332 ; 6.332 ; Rise       ; CLK2            ;
;  led1[0]  ; CLK2       ; 6.332 ; 6.332 ; Rise       ; CLK2            ;
;  led1[1]  ; CLK2       ; 6.344 ; 6.344 ; Rise       ; CLK2            ;
;  led1[2]  ; CLK2       ; 7.035 ; 7.035 ; Rise       ; CLK2            ;
;  led1[3]  ; CLK2       ; 7.047 ; 7.047 ; Rise       ; CLK2            ;
;  led1[4]  ; CLK2       ; 6.332 ; 6.332 ; Rise       ; CLK2            ;
+-----------+------------+-------+-------+------------+-----------------+


+--------------------------------+
; Fast Model Setup Summary       ;
+-------+--------+---------------+
; Clock ; Slack  ; End Point TNS ;
+-------+--------+---------------+
; clk   ; -1.123 ; -26.343       ;
; CLK2  ; -0.180 ; -0.630        ;
; clk1  ; 1.413  ; 0.000         ;
+-------+--------+---------------+


+--------------------------------+
; Fast Model Hold Summary        ;
+-------+--------+---------------+
; Clock ; Slack  ; End Point TNS ;
+-------+--------+---------------+
; clk   ; -1.359 ; -1.359        ;
; clk1  ; -1.033 ; -1.033        ;
; CLK2  ; 0.215  ; 0.000         ;
+-------+--------+---------------+


-------------------------------
; Fast Model Recovery Summary ;
-------------------------------
No paths to report.


------------------------------
; Fast Model Removal Summary ;
------------------------------
No paths to report.


+----------------------------------------+
; Fast Model Minimum Pulse Width Summary ;
+-------+--------+-----------------------+
; Clock ; Slack  ; End Point TNS         ;
+-------+--------+-----------------------+
; clk   ; -1.380 ; -26.380               ;
; CLK2  ; -0.500 ; -11.000               ;
; clk1  ; -0.500 ; -1.000                ;
+-------+--------+-----------------------+


+--------------------------------------------------------------------------------------------------------------+
; Fast Model Setup: 'clk'                                                                                      ;
+--------+---------------+---------------+--------------+-------------+--------------+------------+------------+
; Slack  ; From Node     ; To Node       ; Launch Clock ; Latch Clock ; Relationship ; Clock Skew ; Data Delay ;
+--------+---------------+---------------+--------------+-------------+--------------+------------+------------+
; -1.123 ; \P1:count[15] ; \P1:count[12] ; clk          ; clk         ; 1.000        ; 0.000      ; 2.155      ;
; -1.123 ; \P1:count[15] ; \P1:count[13] ; clk          ; clk         ; 1.000        ; 0.000      ; 2.155      ;
; -1.123 ; \P1:count[15] ; \P1:count[14] ; clk          ; clk         ; 1.000        ; 0.000      ; 2.155      ;
; -1.123 ; \P1:count[15] ; \P1:count[15] ; clk          ; clk         ; 1.000        ; 0.000      ; 2.155      ;
; -1.123 ; \P1:count[15] ; \P1:count[16] ; clk          ; clk         ; 1.000        ; 0.000      ; 2.155      ;
; -1.123 ; \P1:count[15] ; \P1:count[17] ; clk          ; clk         ; 1.000        ; 0.000      ; 2.155      ;
; -1.123 ; \P1:count[15] ; \P1:count[18] ; clk          ; clk         ; 1.000        ; 0.000      ; 2.155      ;
; -1.123 ; \P1:count[15] ; \P1:count[19] ; clk          ; clk         ; 1.000        ; 0.000      ; 2.155      ;
; -1.123 ; \P1:count[15] ; \P1:count[20] ; clk          ; clk         ; 1.000        ; 0.000      ; 2.155      ;
; -1.123 ; \P1:count[15] ; \P1:count[21] ; clk          ; clk         ; 1.000        ; 0.000      ; 2.155      ;
; -1.123 ; \P1:count[15] ; \P1:count[22] ; clk          ; clk         ; 1.000        ; 0.000      ; 2.155      ;
; -1.123 ; \P1:count[15] ; \P1:count[23] ; clk          ; clk         ; 1.000        ; 0.000      ; 2.155      ;
; -1.123 ; \P1:count[12] ; \P1:count[12] ; clk          ; clk         ; 1.000        ; 0.000      ; 2.155      ;
; -1.123 ; \P1:count[12] ; \P1:count[13] ; clk          ; clk         ; 1.000        ; 0.000      ; 2.155      ;
; -1.123 ; \P1:count[12] ; \P1:count[14] ; clk          ; clk         ; 1.000        ; 0.000      ; 2.155      ;
; -1.123 ; \P1:count[12] ; \P1:count[15] ; clk          ; clk         ; 1.000        ; 0.000      ; 2.155      ;
; -1.123 ; \P1:count[12] ; \P1:count[16] ; clk          ; clk         ; 1.000        ; 0.000      ; 2.155      ;
; -1.123 ; \P1:count[12] ; \P1:count[17] ; clk          ; clk         ; 1.000        ; 0.000      ; 2.155      ;
; -1.123 ; \P1:count[12] ; \P1:count[18] ; clk          ; clk         ; 1.000        ; 0.000      ; 2.155      ;
; -1.123 ; \P1:count[12] ; \P1:count[19] ; clk          ; clk         ; 1.000        ; 0.000      ; 2.155      ;
; -1.123 ; \P1:count[12] ; \P1:count[20] ; clk          ; clk         ; 1.000        ; 0.000      ; 2.155      ;
; -1.123 ; \P1:count[12] ; \P1:count[21] ; clk          ; clk         ; 1.000        ; 0.000      ; 2.155      ;
; -1.123 ; \P1:count[12] ; \P1:count[22] ; clk          ; clk         ; 1.000        ; 0.000      ; 2.155      ;
; -1.123 ; \P1:count[12] ; \P1:count[23] ; clk          ; clk         ; 1.000        ; 0.000      ; 2.155      ;
; -1.089 ; \P1:count[14] ; \P1:count[12] ; clk          ; clk         ; 1.000        ; 0.000      ; 2.121      ;
; -1.089 ; \P1:count[14] ; \P1:count[13] ; clk          ; clk         ; 1.000        ; 0.000      ; 2.121      ;
; -1.089 ; \P1:count[14] ; \P1:count[14] ; clk          ; clk         ; 1.000        ; 0.000      ; 2.121      ;
; -1.089 ; \P1:count[14] ; \P1:count[15] ; clk          ; clk         ; 1.000        ; 0.000      ; 2.121      ;
; -1.089 ; \P1:count[14] ; \P1:count[16] ; clk          ; clk         ; 1.000        ; 0.000      ; 2.121      ;
; -1.089 ; \P1:count[14] ; \P1:count[17] ; clk          ; clk         ; 1.000        ; 0.000      ; 2.121      ;
; -1.089 ; \P1:count[14] ; \P1:count[18] ; clk          ; clk         ; 1.000        ; 0.000      ; 2.121      ;
; -1.089 ; \P1:count[14] ; \P1:count[19] ; clk          ; clk         ; 1.000        ; 0.000      ; 2.121      ;
; -1.089 ; \P1:count[14] ; \P1:count[20] ; clk          ; clk         ; 1.000        ; 0.000      ; 2.121      ;
; -1.089 ; \P1:count[14] ; \P1:count[21] ; clk          ; clk         ; 1.000        ; 0.000      ; 2.121      ;
; -1.089 ; \P1:count[14] ; \P1:count[22] ; clk          ; clk         ; 1.000        ; 0.000      ; 2.121      ;
; -1.089 ; \P1:count[14] ; \P1:count[23] ; clk          ; clk         ; 1.000        ; 0.000      ; 2.121      ;
; -1.073 ; \P1:count[18] ; \P1:count[12] ; clk          ; clk         ; 1.000        ; 0.000      ; 2.105      ;
; -1.073 ; \P1:count[18] ; \P1:count[13] ; clk          ; clk         ; 1.000        ; 0.000      ; 2.105      ;
; -1.073 ; \P1:count[18] ; \P1:count[14] ; clk          ; clk         ; 1.000        ; 0.000      ; 2.105      ;
; -1.073 ; \P1:count[18] ; \P1:count[15] ; clk          ; clk         ; 1.000        ; 0.000      ; 2.105      ;
; -1.073 ; \P1:count[18] ; \P1:count[16] ; clk          ; clk         ; 1.000        ; 0.000      ; 2.105      ;
; -1.073 ; \P1:count[18] ; \P1:count[17] ; clk          ; clk         ; 1.000        ; 0.000      ; 2.105      ;
; -1.073 ; \P1:count[18] ; \P1:count[18] ; clk          ; clk         ; 1.000        ; 0.000      ; 2.105      ;
; -1.073 ; \P1:count[18] ; \P1:count[19] ; clk          ; clk         ; 1.000        ; 0.000      ; 2.105      ;
; -1.073 ; \P1:count[18] ; \P1:count[20] ; clk          ; clk         ; 1.000        ; 0.000      ; 2.105      ;
; -1.073 ; \P1:count[18] ; \P1:count[21] ; clk          ; clk         ; 1.000        ; 0.000      ; 2.105      ;
; -1.073 ; \P1:count[18] ; \P1:count[22] ; clk          ; clk         ; 1.000        ; 0.000      ; 2.105      ;
; -1.073 ; \P1:count[18] ; \P1:count[23] ; clk          ; clk         ; 1.000        ; 0.000      ; 2.105      ;
; -1.037 ; \P1:count[11] ; \P1:count[12] ; clk          ; clk         ; 1.000        ; 0.004      ; 2.073      ;
; -1.037 ; \P1:count[11] ; \P1:count[13] ; clk          ; clk         ; 1.000        ; 0.004      ; 2.073      ;
; -1.037 ; \P1:count[11] ; \P1:count[14] ; clk          ; clk         ; 1.000        ; 0.004      ; 2.073      ;
; -1.037 ; \P1:count[11] ; \P1:count[15] ; clk          ; clk         ; 1.000        ; 0.004      ; 2.073      ;
; -1.037 ; \P1:count[11] ; \P1:count[16] ; clk          ; clk         ; 1.000        ; 0.004      ; 2.073      ;
; -1.037 ; \P1:count[11] ; \P1:count[17] ; clk          ; clk         ; 1.000        ; 0.004      ; 2.073      ;
; -1.037 ; \P1:count[11] ; \P1:count[18] ; clk          ; clk         ; 1.000        ; 0.004      ; 2.073      ;
; -1.037 ; \P1:count[11] ; \P1:count[19] ; clk          ; clk         ; 1.000        ; 0.004      ; 2.073      ;
; -1.037 ; \P1:count[11] ; \P1:count[20] ; clk          ; clk         ; 1.000        ; 0.004      ; 2.073      ;
; -1.037 ; \P1:count[11] ; \P1:count[21] ; clk          ; clk         ; 1.000        ; 0.004      ; 2.073      ;
; -1.037 ; \P1:count[11] ; \P1:count[22] ; clk          ; clk         ; 1.000        ; 0.004      ; 2.073      ;
; -1.037 ; \P1:count[11] ; \P1:count[23] ; clk          ; clk         ; 1.000        ; 0.004      ; 2.073      ;
; -1.026 ; \P1:count[13] ; \P1:count[12] ; clk          ; clk         ; 1.000        ; 0.000      ; 2.058      ;
; -1.026 ; \P1:count[13] ; \P1:count[13] ; clk          ; clk         ; 1.000        ; 0.000      ; 2.058      ;
; -1.026 ; \P1:count[13] ; \P1:count[14] ; clk          ; clk         ; 1.000        ; 0.000      ; 2.058      ;
; -1.026 ; \P1:count[13] ; \P1:count[15] ; clk          ; clk         ; 1.000        ; 0.000      ; 2.058      ;
; -1.026 ; \P1:count[13] ; \P1:count[16] ; clk          ; clk         ; 1.000        ; 0.000      ; 2.058      ;
; -1.026 ; \P1:count[13] ; \P1:count[17] ; clk          ; clk         ; 1.000        ; 0.000      ; 2.058      ;
; -1.026 ; \P1:count[13] ; \P1:count[18] ; clk          ; clk         ; 1.000        ; 0.000      ; 2.058      ;
; -1.026 ; \P1:count[13] ; \P1:count[19] ; clk          ; clk         ; 1.000        ; 0.000      ; 2.058      ;
; -1.026 ; \P1:count[13] ; \P1:count[20] ; clk          ; clk         ; 1.000        ; 0.000      ; 2.058      ;
; -1.026 ; \P1:count[13] ; \P1:count[21] ; clk          ; clk         ; 1.000        ; 0.000      ; 2.058      ;
; -1.026 ; \P1:count[13] ; \P1:count[22] ; clk          ; clk         ; 1.000        ; 0.000      ; 2.058      ;
; -1.026 ; \P1:count[13] ; \P1:count[23] ; clk          ; clk         ; 1.000        ; 0.000      ; 2.058      ;
; -1.023 ; \P1:count[20] ; \P1:count[12] ; clk          ; clk         ; 1.000        ; 0.000      ; 2.055      ;
; -1.023 ; \P1:count[20] ; \P1:count[13] ; clk          ; clk         ; 1.000        ; 0.000      ; 2.055      ;
; -1.023 ; \P1:count[20] ; \P1:count[14] ; clk          ; clk         ; 1.000        ; 0.000      ; 2.055      ;
; -1.023 ; \P1:count[20] ; \P1:count[15] ; clk          ; clk         ; 1.000        ; 0.000      ; 2.055      ;
; -1.023 ; \P1:count[20] ; \P1:count[16] ; clk          ; clk         ; 1.000        ; 0.000      ; 2.055      ;
; -1.023 ; \P1:count[20] ; \P1:count[17] ; clk          ; clk         ; 1.000        ; 0.000      ; 2.055      ;
; -1.023 ; \P1:count[20] ; \P1:count[18] ; clk          ; clk         ; 1.000        ; 0.000      ; 2.055      ;
; -1.023 ; \P1:count[20] ; \P1:count[19] ; clk          ; clk         ; 1.000        ; 0.000      ; 2.055      ;
; -1.023 ; \P1:count[20] ; \P1:count[20] ; clk          ; clk         ; 1.000        ; 0.000      ; 2.055      ;
; -1.023 ; \P1:count[20] ; \P1:count[21] ; clk          ; clk         ; 1.000        ; 0.000      ; 2.055      ;
; -1.023 ; \P1:count[20] ; \P1:count[22] ; clk          ; clk         ; 1.000        ; 0.000      ; 2.055      ;
; -1.023 ; \P1:count[20] ; \P1:count[23] ; clk          ; clk         ; 1.000        ; 0.000      ; 2.055      ;
; -1.010 ; \P1:count[17] ; \P1:count[12] ; clk          ; clk         ; 1.000        ; 0.000      ; 2.042      ;
; -1.010 ; \P1:count[17] ; \P1:count[13] ; clk          ; clk         ; 1.000        ; 0.000      ; 2.042      ;
; -1.010 ; \P1:count[17] ; \P1:count[14] ; clk          ; clk         ; 1.000        ; 0.000      ; 2.042      ;
; -1.010 ; \P1:count[17] ; \P1:count[15] ; clk          ; clk         ; 1.000        ; 0.000      ; 2.042      ;
; -1.010 ; \P1:count[17] ; \P1:count[16] ; clk          ; clk         ; 1.000        ; 0.000      ; 2.042      ;
; -1.010 ; \P1:count[17] ; \P1:count[17] ; clk          ; clk         ; 1.000        ; 0.000      ; 2.042      ;
; -1.010 ; \P1:count[17] ; \P1:count[18] ; clk          ; clk         ; 1.000        ; 0.000      ; 2.042      ;
; -1.010 ; \P1:count[17] ; \P1:count[19] ; clk          ; clk         ; 1.000        ; 0.000      ; 2.042      ;
; -1.010 ; \P1:count[17] ; \P1:count[20] ; clk          ; clk         ; 1.000        ; 0.000      ; 2.042      ;
; -1.010 ; \P1:count[17] ; \P1:count[21] ; clk          ; clk         ; 1.000        ; 0.000      ; 2.042      ;
; -1.010 ; \P1:count[17] ; \P1:count[22] ; clk          ; clk         ; 1.000        ; 0.000      ; 2.042      ;
; -1.010 ; \P1:count[17] ; \P1:count[23] ; clk          ; clk         ; 1.000        ; 0.000      ; 2.042      ;
; -1.010 ; \P1:count[23] ; \P1:count[12] ; clk          ; clk         ; 1.000        ; 0.000      ; 2.042      ;
; -1.010 ; \P1:count[23] ; \P1:count[13] ; clk          ; clk         ; 1.000        ; 0.000      ; 2.042      ;
; -1.010 ; \P1:count[23] ; \P1:count[14] ; clk          ; clk         ; 1.000        ; 0.000      ; 2.042      ;
; -1.010 ; \P1:count[23] ; \P1:count[15] ; clk          ; clk         ; 1.000        ; 0.000      ; 2.042      ;
+--------+---------------+---------------+--------------+-------------+--------------+------------+------------+


+--------------------------------------------------------------------------------------------------------------+
; Fast Model Setup: 'CLK2'                                                                                     ;
+--------+---------------+---------------+--------------+-------------+--------------+------------+------------+
; Slack  ; From Node     ; To Node       ; Launch Clock ; Latch Clock ; Relationship ; Clock Skew ; Data Delay ;
+--------+---------------+---------------+--------------+-------------+--------------+------------+------------+
; -0.180 ; \P2:count1[0] ; \P2:count1[4] ; CLK2         ; CLK2        ; 1.000        ; 0.000      ; 1.212      ;
; -0.145 ; \P2:count1[0] ; \P2:count1[3] ; CLK2         ; CLK2        ; 1.000        ; 0.000      ; 1.177      ;
; -0.120 ; \P2:count1[4] ; \P2:count1[4] ; CLK2         ; CLK2        ; 1.000        ; 0.000      ; 1.152      ;
; -0.110 ; \P2:count1[0] ; \P2:count1[2] ; CLK2         ; CLK2        ; 1.000        ; 0.000      ; 1.142      ;
; -0.098 ; \P2:count1[0] ; led1[3]~reg0  ; CLK2         ; CLK2        ; 1.000        ; 0.000      ; 1.130      ;
; -0.097 ; \P2:count1[0] ; led1[1]~reg0  ; CLK2         ; CLK2        ; 1.000        ; 0.000      ; 1.129      ;
; -0.085 ; \P2:count1[4] ; \P2:count1[3] ; CLK2         ; CLK2        ; 1.000        ; 0.000      ; 1.117      ;
; -0.069 ; \P2:count1[3] ; \P2:count1[4] ; CLK2         ; CLK2        ; 1.000        ; 0.000      ; 1.101      ;
; -0.050 ; \P2:count1[4] ; \P2:count1[2] ; CLK2         ; CLK2        ; 1.000        ; 0.000      ; 1.082      ;
; -0.038 ; \P2:count1[4] ; led1[3]~reg0  ; CLK2         ; CLK2        ; 1.000        ; 0.000      ; 1.070      ;
; -0.037 ; \P2:count1[4] ; led1[1]~reg0  ; CLK2         ; CLK2        ; 1.000        ; 0.000      ; 1.069      ;
; -0.034 ; \P2:count1[3] ; \P2:count1[3] ; CLK2         ; CLK2        ; 1.000        ; 0.000      ; 1.066      ;
; -0.013 ; \P2:count1[1] ; \P2:count1[4] ; CLK2         ; CLK2        ; 1.000        ; 0.000      ; 1.045      ;
; 0.001  ; \P2:count1[3] ; \P2:count1[2] ; CLK2         ; CLK2        ; 1.000        ; 0.000      ; 1.031      ;
; 0.013  ; \P2:count1[3] ; led1[3]~reg0  ; CLK2         ; CLK2        ; 1.000        ; 0.000      ; 1.019      ;
; 0.014  ; \P2:count1[3] ; led1[1]~reg0  ; CLK2         ; CLK2        ; 1.000        ; 0.000      ; 1.018      ;
; 0.022  ; \P2:count1[1] ; \P2:count1[3] ; CLK2         ; CLK2        ; 1.000        ; 0.000      ; 1.010      ;
; 0.025  ; \P2:count1[0] ; \P2:count1[1] ; CLK2         ; CLK2        ; 1.000        ; 0.000      ; 1.007      ;
; 0.053  ; \P2:count1[2] ; \P2:count1[4] ; CLK2         ; CLK2        ; 1.000        ; 0.000      ; 0.979      ;
; 0.057  ; \P2:count1[1] ; \P2:count1[2] ; CLK2         ; CLK2        ; 1.000        ; 0.000      ; 0.975      ;
; 0.067  ; \P2:count1[1] ; led1[3]~reg0  ; CLK2         ; CLK2        ; 1.000        ; 0.000      ; 0.965      ;
; 0.068  ; \P2:count1[1] ; led1[1]~reg0  ; CLK2         ; CLK2        ; 1.000        ; 0.000      ; 0.964      ;
; 0.085  ; \P2:count1[4] ; \P2:count1[1] ; CLK2         ; CLK2        ; 1.000        ; 0.000      ; 0.947      ;
; 0.088  ; \P2:count1[2] ; \P2:count1[3] ; CLK2         ; CLK2        ; 1.000        ; 0.000      ; 0.944      ;
; 0.102  ; \P2:count1[0] ; buzz~reg0     ; CLK2         ; CLK2        ; 1.000        ; 0.000      ; 0.930      ;
; 0.107  ; \P2:count1[2] ; led1[3]~reg0  ; CLK2         ; CLK2        ; 1.000        ; 0.000      ; 0.925      ;
; 0.108  ; \P2:count1[2] ; led1[1]~reg0  ; CLK2         ; CLK2        ; 1.000        ; 0.000      ; 0.924      ;
; 0.123  ; \P2:count1[2] ; \P2:count1[2] ; CLK2         ; CLK2        ; 1.000        ; 0.000      ; 0.909      ;
; 0.136  ; \P2:count1[3] ; \P2:count1[1] ; CLK2         ; CLK2        ; 1.000        ; 0.000      ; 0.896      ;
; 0.162  ; \P2:count1[4] ; buzz~reg0     ; CLK2         ; CLK2        ; 1.000        ; 0.000      ; 0.870      ;
; 0.192  ; \P2:count1[1] ; \P2:count1[1] ; CLK2         ; CLK2        ; 1.000        ; 0.000      ; 0.840      ;
; 0.213  ; \P2:count1[3] ; buzz~reg0     ; CLK2         ; CLK2        ; 1.000        ; 0.000      ; 0.819      ;
; 0.258  ; \P2:count1[2] ; \P2:count1[1] ; CLK2         ; CLK2        ; 1.000        ; 0.000      ; 0.774      ;
; 0.267  ; \P2:count1[1] ; buzz~reg0     ; CLK2         ; CLK2        ; 1.000        ; 0.000      ; 0.765      ;
; 0.302  ; \P2:count1[0] ; led1[4]~reg0  ; CLK2         ; CLK2        ; 1.000        ; 0.000      ; 0.730      ;
; 0.303  ; \P2:count1[0] ; led1[2]~reg0  ; CLK2         ; CLK2        ; 1.000        ; 0.000      ; 0.729      ;
; 0.306  ; \P2:count1[0] ; led1[0]~reg0  ; CLK2         ; CLK2        ; 1.000        ; 0.000      ; 0.726      ;
; 0.307  ; \P2:count1[2] ; buzz~reg0     ; CLK2         ; CLK2        ; 1.000        ; 0.000      ; 0.725      ;
; 0.362  ; \P2:count1[4] ; led1[4]~reg0  ; CLK2         ; CLK2        ; 1.000        ; 0.000      ; 0.670      ;
; 0.363  ; \P2:count1[4] ; led1[2]~reg0  ; CLK2         ; CLK2        ; 1.000        ; 0.000      ; 0.669      ;
; 0.366  ; \P2:count1[4] ; led1[0]~reg0  ; CLK2         ; CLK2        ; 1.000        ; 0.000      ; 0.666      ;
; 0.413  ; \P2:count1[3] ; led1[4]~reg0  ; CLK2         ; CLK2        ; 1.000        ; 0.000      ; 0.619      ;
; 0.414  ; \P2:count1[3] ; led1[2]~reg0  ; CLK2         ; CLK2        ; 1.000        ; 0.000      ; 0.618      ;
; 0.417  ; \P2:count1[3] ; led1[0]~reg0  ; CLK2         ; CLK2        ; 1.000        ; 0.000      ; 0.615      ;
; 0.498  ; \P2:count1[1] ; led1[0]~reg0  ; CLK2         ; CLK2        ; 1.000        ; 0.000      ; 0.534      ;
; 0.502  ; \P2:count1[1] ; led1[2]~reg0  ; CLK2         ; CLK2        ; 1.000        ; 0.000      ; 0.530      ;
; 0.505  ; \P2:count1[1] ; led1[4]~reg0  ; CLK2         ; CLK2        ; 1.000        ; 0.000      ; 0.527      ;
; 0.559  ; \P2:count1[2] ; led1[0]~reg0  ; CLK2         ; CLK2        ; 1.000        ; 0.000      ; 0.473      ;
; 0.563  ; \P2:count1[2] ; led1[2]~reg0  ; CLK2         ; CLK2        ; 1.000        ; 0.000      ; 0.469      ;
; 0.567  ; \P2:count1[2] ; led1[4]~reg0  ; CLK2         ; CLK2        ; 1.000        ; 0.000      ; 0.465      ;
; 0.665  ; \P2:count1[0] ; \P2:count1[0] ; CLK2         ; CLK2        ; 1.000        ; 0.000      ; 0.367      ;
+--------+---------------+---------------+--------------+-------------+--------------+------------+------------+


+---------------------------------------------------------------------------------------------------+
; Fast Model Setup: 'clk1'                                                                          ;
+-------+-----------+---------+--------------+-------------+--------------+------------+------------+
; Slack ; From Node ; To Node ; Launch Clock ; Latch Clock ; Relationship ; Clock Skew ; Data Delay ;
+-------+-----------+---------+--------------+-------------+--------------+------------+------------+
; 1.413 ; CLK2      ; CLK2    ; CLK2         ; clk1        ; 0.500        ; 1.107      ; 0.367      ;
; 1.913 ; CLK2      ; CLK2    ; CLK2         ; clk1        ; 1.000        ; 1.107      ; 0.367      ;
+-------+-----------+---------+--------------+-------------+--------------+------------+------------+


+--------------------------------------------------------------------------------------------------------------+
; Fast Model Hold: 'clk'                                                                                       ;
+--------+---------------+---------------+--------------+-------------+--------------+------------+------------+
; Slack  ; From Node     ; To Node       ; Launch Clock ; Latch Clock ; Relationship ; Clock Skew ; Data Delay ;
+--------+---------------+---------------+--------------+-------------+--------------+------------+------------+
; -1.359 ; clk1          ; clk1          ; clk1         ; clk         ; 0.000        ; 1.433      ; 0.367      ;
; -0.859 ; clk1          ; clk1          ; clk1         ; clk         ; -0.500       ; 1.433      ; 0.367      ;
; 0.255  ; \P1:count[23] ; \P1:count[23] ; clk          ; clk         ; 0.000        ; 0.000      ; 0.407      ;
; 0.361  ; \P1:count[5]  ; \P1:count[5]  ; clk          ; clk         ; 0.000        ; 0.000      ; 0.513      ;
; 0.362  ; \P1:count[14] ; \P1:count[14] ; clk          ; clk         ; 0.000        ; 0.000      ; 0.514      ;
; 0.363  ; \P1:count[3]  ; \P1:count[3]  ; clk          ; clk         ; 0.000        ; 0.000      ; 0.515      ;
; 0.364  ; \P1:count[0]  ; \P1:count[0]  ; clk          ; clk         ; 0.000        ; 0.000      ; 0.516      ;
; 0.364  ; \P1:count[7]  ; \P1:count[7]  ; clk          ; clk         ; 0.000        ; 0.000      ; 0.516      ;
; 0.367  ; \P1:count[13] ; \P1:count[13] ; clk          ; clk         ; 0.000        ; 0.000      ; 0.519      ;
; 0.368  ; \P1:count[11] ; \P1:count[11] ; clk          ; clk         ; 0.000        ; 0.000      ; 0.520      ;
; 0.369  ; \P1:count[10] ; \P1:count[10] ; clk          ; clk         ; 0.000        ; 0.000      ; 0.521      ;
; 0.369  ; \P1:count[21] ; \P1:count[21] ; clk          ; clk         ; 0.000        ; 0.000      ; 0.521      ;
; 0.371  ; \P1:count[9]  ; \P1:count[9]  ; clk          ; clk         ; 0.000        ; 0.000      ; 0.523      ;
; 0.374  ; \P1:count[1]  ; \P1:count[1]  ; clk          ; clk         ; 0.000        ; 0.000      ; 0.526      ;
; 0.374  ; \P1:count[2]  ; \P1:count[2]  ; clk          ; clk         ; 0.000        ; 0.000      ; 0.526      ;
; 0.374  ; \P1:count[4]  ; \P1:count[4]  ; clk          ; clk         ; 0.000        ; 0.000      ; 0.526      ;
; 0.375  ; \P1:count[15] ; \P1:count[15] ; clk          ; clk         ; 0.000        ; 0.000      ; 0.527      ;
; 0.378  ; \P1:count[22] ; \P1:count[22] ; clk          ; clk         ; 0.000        ; 0.000      ; 0.530      ;
; 0.379  ; \P1:count[20] ; \P1:count[20] ; clk          ; clk         ; 0.000        ; 0.000      ; 0.531      ;
; 0.440  ; \P1:count[6]  ; \P1:count[6]  ; clk          ; clk         ; 0.000        ; 0.000      ; 0.592      ;
; 0.440  ; \P1:count[17] ; \P1:count[17] ; clk          ; clk         ; 0.000        ; 0.000      ; 0.592      ;
; 0.441  ; \P1:count[18] ; \P1:count[18] ; clk          ; clk         ; 0.000        ; 0.000      ; 0.593      ;
; 0.444  ; \P1:count[19] ; \P1:count[19] ; clk          ; clk         ; 0.000        ; 0.000      ; 0.596      ;
; 0.445  ; \P1:count[8]  ; \P1:count[8]  ; clk          ; clk         ; 0.000        ; 0.000      ; 0.597      ;
; 0.450  ; \P1:count[12] ; \P1:count[12] ; clk          ; clk         ; 0.000        ; 0.000      ; 0.602      ;
; 0.452  ; \P1:count[16] ; \P1:count[16] ; clk          ; clk         ; 0.000        ; 0.000      ; 0.604      ;
; 0.499  ; \P1:count[5]  ; \P1:count[6]  ; clk          ; clk         ; 0.000        ; 0.000      ; 0.651      ;
; 0.500  ; \P1:count[14] ; \P1:count[15] ; clk          ; clk         ; 0.000        ; 0.000      ; 0.652      ;
; 0.502  ; \P1:count[0]  ; \P1:count[1]  ; clk          ; clk         ; 0.000        ; 0.000      ; 0.654      ;
; 0.502  ; \P1:count[7]  ; \P1:count[8]  ; clk          ; clk         ; 0.000        ; 0.000      ; 0.654      ;
; 0.505  ; \P1:count[13] ; \P1:count[14] ; clk          ; clk         ; 0.000        ; 0.000      ; 0.657      ;
; 0.507  ; \P1:count[10] ; \P1:count[11] ; clk          ; clk         ; 0.000        ; 0.000      ; 0.659      ;
; 0.507  ; \P1:count[21] ; \P1:count[22] ; clk          ; clk         ; 0.000        ; 0.000      ; 0.659      ;
; 0.509  ; \P1:count[9]  ; \P1:count[10] ; clk          ; clk         ; 0.000        ; 0.000      ; 0.661      ;
; 0.514  ; \P1:count[4]  ; \P1:count[5]  ; clk          ; clk         ; 0.000        ; 0.000      ; 0.666      ;
; 0.514  ; \P1:count[2]  ; \P1:count[3]  ; clk          ; clk         ; 0.000        ; 0.000      ; 0.666      ;
; 0.514  ; \P1:count[1]  ; \P1:count[2]  ; clk          ; clk         ; 0.000        ; 0.000      ; 0.666      ;
; 0.515  ; \P1:count[15] ; \P1:count[16] ; clk          ; clk         ; 0.000        ; 0.000      ; 0.667      ;
; 0.518  ; \P1:count[22] ; \P1:count[23] ; clk          ; clk         ; 0.000        ; 0.000      ; 0.670      ;
; 0.519  ; \P1:count[20] ; \P1:count[21] ; clk          ; clk         ; 0.000        ; 0.000      ; 0.671      ;
; 0.534  ; \P1:count[5]  ; \P1:count[7]  ; clk          ; clk         ; 0.000        ; 0.000      ; 0.686      ;
; 0.535  ; \P1:count[14] ; \P1:count[16] ; clk          ; clk         ; 0.000        ; 0.000      ; 0.687      ;
; 0.537  ; \P1:count[7]  ; \P1:count[9]  ; clk          ; clk         ; 0.000        ; 0.000      ; 0.689      ;
; 0.537  ; \P1:count[0]  ; \P1:count[2]  ; clk          ; clk         ; 0.000        ; 0.000      ; 0.689      ;
; 0.540  ; \P1:count[13] ; \P1:count[15] ; clk          ; clk         ; 0.000        ; 0.000      ; 0.692      ;
; 0.542  ; \P1:count[21] ; \P1:count[23] ; clk          ; clk         ; 0.000        ; 0.000      ; 0.694      ;
; 0.544  ; \P1:count[9]  ; \P1:count[11] ; clk          ; clk         ; 0.000        ; 0.000      ; 0.696      ;
; 0.549  ; \P1:count[11] ; \P1:count[12] ; clk          ; clk         ; 0.000        ; 0.004      ; 0.705      ;
; 0.549  ; \P1:count[4]  ; \P1:count[6]  ; clk          ; clk         ; 0.000        ; 0.000      ; 0.701      ;
; 0.549  ; \P1:count[1]  ; \P1:count[3]  ; clk          ; clk         ; 0.000        ; 0.000      ; 0.701      ;
; 0.550  ; \P1:count[15] ; \P1:count[17] ; clk          ; clk         ; 0.000        ; 0.000      ; 0.702      ;
; 0.554  ; \P1:count[20] ; \P1:count[22] ; clk          ; clk         ; 0.000        ; 0.000      ; 0.706      ;
; 0.556  ; \P1:count[3]  ; \P1:count[4]  ; clk          ; clk         ; 0.000        ; 0.000      ; 0.708      ;
; 0.569  ; \P1:count[5]  ; \P1:count[8]  ; clk          ; clk         ; 0.000        ; 0.000      ; 0.721      ;
; 0.570  ; \P1:count[14] ; \P1:count[17] ; clk          ; clk         ; 0.000        ; 0.000      ; 0.722      ;
; 0.572  ; \P1:count[7]  ; \P1:count[10] ; clk          ; clk         ; 0.000        ; 0.000      ; 0.724      ;
; 0.572  ; \P1:count[0]  ; \P1:count[3]  ; clk          ; clk         ; 0.000        ; 0.000      ; 0.724      ;
; 0.575  ; \P1:count[13] ; \P1:count[16] ; clk          ; clk         ; 0.000        ; 0.000      ; 0.727      ;
; 0.578  ; \P1:count[17] ; \P1:count[18] ; clk          ; clk         ; 0.000        ; 0.000      ; 0.730      ;
; 0.578  ; \P1:count[6]  ; \P1:count[7]  ; clk          ; clk         ; 0.000        ; 0.000      ; 0.730      ;
; 0.579  ; \P1:count[18] ; \P1:count[19] ; clk          ; clk         ; 0.000        ; 0.000      ; 0.731      ;
; 0.583  ; \P1:count[8]  ; \P1:count[9]  ; clk          ; clk         ; 0.000        ; 0.000      ; 0.735      ;
; 0.584  ; \P1:count[11] ; \P1:count[13] ; clk          ; clk         ; 0.000        ; 0.004      ; 0.740      ;
; 0.584  ; \P1:count[4]  ; \P1:count[7]  ; clk          ; clk         ; 0.000        ; 0.000      ; 0.736      ;
; 0.585  ; \P1:count[15] ; \P1:count[18] ; clk          ; clk         ; 0.000        ; 0.000      ; 0.737      ;
; 0.589  ; \P1:count[20] ; \P1:count[23] ; clk          ; clk         ; 0.000        ; 0.000      ; 0.741      ;
; 0.590  ; \P1:count[10] ; \P1:count[12] ; clk          ; clk         ; 0.000        ; 0.004      ; 0.746      ;
; 0.590  ; \P1:count[12] ; \P1:count[13] ; clk          ; clk         ; 0.000        ; 0.000      ; 0.742      ;
; 0.591  ; \P1:count[3]  ; \P1:count[5]  ; clk          ; clk         ; 0.000        ; 0.000      ; 0.743      ;
; 0.592  ; \P1:count[16] ; \P1:count[17] ; clk          ; clk         ; 0.000        ; 0.000      ; 0.744      ;
; 0.604  ; \P1:count[5]  ; \P1:count[9]  ; clk          ; clk         ; 0.000        ; 0.000      ; 0.756      ;
; 0.605  ; \P1:count[14] ; \P1:count[18] ; clk          ; clk         ; 0.000        ; 0.000      ; 0.757      ;
; 0.607  ; \P1:count[7]  ; \P1:count[11] ; clk          ; clk         ; 0.000        ; 0.000      ; 0.759      ;
; 0.608  ; \P1:count[2]  ; \P1:count[4]  ; clk          ; clk         ; 0.000        ; 0.000      ; 0.760      ;
; 0.610  ; \P1:count[13] ; \P1:count[17] ; clk          ; clk         ; 0.000        ; 0.000      ; 0.762      ;
; 0.613  ; \P1:count[6]  ; \P1:count[8]  ; clk          ; clk         ; 0.000        ; 0.000      ; 0.765      ;
; 0.613  ; \P1:count[17] ; \P1:count[19] ; clk          ; clk         ; 0.000        ; 0.000      ; 0.765      ;
; 0.618  ; \P1:count[8]  ; \P1:count[10] ; clk          ; clk         ; 0.000        ; 0.000      ; 0.770      ;
; 0.619  ; \P1:count[11] ; \P1:count[14] ; clk          ; clk         ; 0.000        ; 0.004      ; 0.775      ;
; 0.619  ; \P1:count[4]  ; \P1:count[8]  ; clk          ; clk         ; 0.000        ; 0.000      ; 0.771      ;
; 0.620  ; \P1:count[15] ; \P1:count[19] ; clk          ; clk         ; 0.000        ; 0.000      ; 0.772      ;
; 0.625  ; \P1:count[10] ; \P1:count[13] ; clk          ; clk         ; 0.000        ; 0.004      ; 0.781      ;
; 0.625  ; \P1:count[12] ; \P1:count[14] ; clk          ; clk         ; 0.000        ; 0.000      ; 0.777      ;
; 0.626  ; \P1:count[3]  ; \P1:count[6]  ; clk          ; clk         ; 0.000        ; 0.000      ; 0.778      ;
; 0.627  ; \P1:count[16] ; \P1:count[18] ; clk          ; clk         ; 0.000        ; 0.000      ; 0.779      ;
; 0.627  ; \P1:count[9]  ; \P1:count[12] ; clk          ; clk         ; 0.000        ; 0.004      ; 0.783      ;
; 0.638  ; \P1:count[19] ; \P1:count[20] ; clk          ; clk         ; 0.000        ; 0.000      ; 0.790      ;
; 0.639  ; \P1:count[5]  ; \P1:count[10] ; clk          ; clk         ; 0.000        ; 0.000      ; 0.791      ;
; 0.640  ; \P1:count[14] ; \P1:count[19] ; clk          ; clk         ; 0.000        ; 0.000      ; 0.792      ;
; 0.643  ; \P1:count[2]  ; \P1:count[5]  ; clk          ; clk         ; 0.000        ; 0.000      ; 0.795      ;
; 0.643  ; \P1:count[1]  ; \P1:count[4]  ; clk          ; clk         ; 0.000        ; 0.000      ; 0.795      ;
; 0.645  ; \P1:count[13] ; \P1:count[18] ; clk          ; clk         ; 0.000        ; 0.000      ; 0.797      ;
; 0.648  ; \P1:count[6]  ; \P1:count[9]  ; clk          ; clk         ; 0.000        ; 0.000      ; 0.800      ;
; 0.653  ; \P1:count[8]  ; \P1:count[11] ; clk          ; clk         ; 0.000        ; 0.000      ; 0.805      ;
; 0.654  ; \P1:count[11] ; \P1:count[15] ; clk          ; clk         ; 0.000        ; 0.004      ; 0.810      ;
; 0.654  ; \P1:count[4]  ; \P1:count[9]  ; clk          ; clk         ; 0.000        ; 0.000      ; 0.806      ;
; 0.660  ; \P1:count[10] ; \P1:count[14] ; clk          ; clk         ; 0.000        ; 0.004      ; 0.816      ;
; 0.660  ; \P1:count[12] ; \P1:count[15] ; clk          ; clk         ; 0.000        ; 0.000      ; 0.812      ;
; 0.661  ; \P1:count[3]  ; \P1:count[7]  ; clk          ; clk         ; 0.000        ; 0.000      ; 0.813      ;
; 0.662  ; \P1:count[16] ; \P1:count[19] ; clk          ; clk         ; 0.000        ; 0.000      ; 0.814      ;
+--------+---------------+---------------+--------------+-------------+--------------+------------+------------+


+----------------------------------------------------------------------------------------------------+
; Fast Model Hold: 'clk1'                                                                            ;
+--------+-----------+---------+--------------+-------------+--------------+------------+------------+
; Slack  ; From Node ; To Node ; Launch Clock ; Latch Clock ; Relationship ; Clock Skew ; Data Delay ;
+--------+-----------+---------+--------------+-------------+--------------+------------+------------+
; -1.033 ; CLK2      ; CLK2    ; CLK2         ; clk1        ; 0.000        ; 1.107      ; 0.367      ;
; -0.533 ; CLK2      ; CLK2    ; CLK2         ; clk1        ; -0.500       ; 1.107      ; 0.367      ;
+--------+-----------+---------+--------------+-------------+--------------+------------+------------+


+-------------------------------------------------------------------------------------------------------------+
; Fast Model Hold: 'CLK2'                                                                                     ;
+-------+---------------+---------------+--------------+-------------+--------------+------------+------------+
; Slack ; From Node     ; To Node       ; Launch Clock ; Latch Clock ; Relationship ; Clock Skew ; Data Delay ;
+-------+---------------+---------------+--------------+-------------+--------------+------------+------------+
; 0.215 ; \P2:count1[0] ; \P2:count1[0] ; CLK2         ; CLK2        ; 0.000        ; 0.000      ; 0.367      ;
; 0.313 ; \P2:count1[2] ; led1[4]~reg0  ; CLK2         ; CLK2        ; 0.000        ; 0.000      ; 0.465      ;
; 0.317 ; \P2:count1[2] ; led1[2]~reg0  ; CLK2         ; CLK2        ; 0.000        ; 0.000      ; 0.469      ;
; 0.321 ; \P2:count1[2] ; led1[0]~reg0  ; CLK2         ; CLK2        ; 0.000        ; 0.000      ; 0.473      ;
; 0.327 ; \P2:count1[4] ; \P2:count1[4] ; CLK2         ; CLK2        ; 0.000        ; 0.000      ; 0.479      ;
; 0.328 ; \P2:count1[4] ; buzz~reg0     ; CLK2         ; CLK2        ; 0.000        ; 0.000      ; 0.480      ;
; 0.373 ; \P2:count1[3] ; \P2:count1[3] ; CLK2         ; CLK2        ; 0.000        ; 0.000      ; 0.525      ;
; 0.375 ; \P2:count1[1] ; led1[4]~reg0  ; CLK2         ; CLK2        ; 0.000        ; 0.000      ; 0.527      ;
; 0.378 ; \P2:count1[1] ; led1[2]~reg0  ; CLK2         ; CLK2        ; 0.000        ; 0.000      ; 0.530      ;
; 0.382 ; \P2:count1[1] ; led1[0]~reg0  ; CLK2         ; CLK2        ; 0.000        ; 0.000      ; 0.534      ;
; 0.384 ; \P2:count1[3] ; buzz~reg0     ; CLK2         ; CLK2        ; 0.000        ; 0.000      ; 0.536      ;
; 0.392 ; \P2:count1[2] ; \P2:count1[2] ; CLK2         ; CLK2        ; 0.000        ; 0.000      ; 0.544      ;
; 0.409 ; \P2:count1[2] ; buzz~reg0     ; CLK2         ; CLK2        ; 0.000        ; 0.000      ; 0.561      ;
; 0.461 ; \P2:count1[0] ; led1[1]~reg0  ; CLK2         ; CLK2        ; 0.000        ; 0.000      ; 0.613      ;
; 0.462 ; \P2:count1[0] ; led1[3]~reg0  ; CLK2         ; CLK2        ; 0.000        ; 0.000      ; 0.614      ;
; 0.463 ; \P2:count1[0] ; \P2:count1[1] ; CLK2         ; CLK2        ; 0.000        ; 0.000      ; 0.615      ;
; 0.463 ; \P2:count1[3] ; led1[0]~reg0  ; CLK2         ; CLK2        ; 0.000        ; 0.000      ; 0.615      ;
; 0.466 ; \P2:count1[3] ; led1[2]~reg0  ; CLK2         ; CLK2        ; 0.000        ; 0.000      ; 0.618      ;
; 0.467 ; \P2:count1[3] ; led1[4]~reg0  ; CLK2         ; CLK2        ; 0.000        ; 0.000      ; 0.619      ;
; 0.511 ; \P2:count1[3] ; \P2:count1[4] ; CLK2         ; CLK2        ; 0.000        ; 0.000      ; 0.663      ;
; 0.514 ; \P2:count1[4] ; led1[0]~reg0  ; CLK2         ; CLK2        ; 0.000        ; 0.000      ; 0.666      ;
; 0.517 ; \P2:count1[4] ; led1[2]~reg0  ; CLK2         ; CLK2        ; 0.000        ; 0.000      ; 0.669      ;
; 0.518 ; \P2:count1[4] ; led1[4]~reg0  ; CLK2         ; CLK2        ; 0.000        ; 0.000      ; 0.670      ;
; 0.527 ; \P2:count1[4] ; led1[1]~reg0  ; CLK2         ; CLK2        ; 0.000        ; 0.000      ; 0.679      ;
; 0.528 ; \P2:count1[4] ; led1[3]~reg0  ; CLK2         ; CLK2        ; 0.000        ; 0.000      ; 0.680      ;
; 0.532 ; \P2:count1[2] ; \P2:count1[3] ; CLK2         ; CLK2        ; 0.000        ; 0.000      ; 0.684      ;
; 0.548 ; \P2:count1[2] ; led1[1]~reg0  ; CLK2         ; CLK2        ; 0.000        ; 0.000      ; 0.700      ;
; 0.549 ; \P2:count1[2] ; led1[3]~reg0  ; CLK2         ; CLK2        ; 0.000        ; 0.000      ; 0.701      ;
; 0.567 ; \P2:count1[2] ; \P2:count1[4] ; CLK2         ; CLK2        ; 0.000        ; 0.000      ; 0.719      ;
; 0.574 ; \P2:count1[0] ; led1[0]~reg0  ; CLK2         ; CLK2        ; 0.000        ; 0.000      ; 0.726      ;
; 0.577 ; \P2:count1[0] ; led1[2]~reg0  ; CLK2         ; CLK2        ; 0.000        ; 0.000      ; 0.729      ;
; 0.578 ; \P2:count1[0] ; led1[4]~reg0  ; CLK2         ; CLK2        ; 0.000        ; 0.000      ; 0.730      ;
; 0.583 ; \P2:count1[3] ; led1[1]~reg0  ; CLK2         ; CLK2        ; 0.000        ; 0.000      ; 0.735      ;
; 0.584 ; \P2:count1[3] ; led1[3]~reg0  ; CLK2         ; CLK2        ; 0.000        ; 0.000      ; 0.736      ;
; 0.603 ; \P2:count1[0] ; \P2:count1[2] ; CLK2         ; CLK2        ; 0.000        ; 0.000      ; 0.755      ;
; 0.613 ; \P2:count1[1] ; buzz~reg0     ; CLK2         ; CLK2        ; 0.000        ; 0.000      ; 0.765      ;
; 0.614 ; \P2:count1[1] ; led1[1]~reg0  ; CLK2         ; CLK2        ; 0.000        ; 0.000      ; 0.766      ;
; 0.615 ; \P2:count1[1] ; led1[3]~reg0  ; CLK2         ; CLK2        ; 0.000        ; 0.000      ; 0.767      ;
; 0.622 ; \P2:count1[2] ; \P2:count1[1] ; CLK2         ; CLK2        ; 0.000        ; 0.000      ; 0.774      ;
; 0.638 ; \P2:count1[0] ; \P2:count1[3] ; CLK2         ; CLK2        ; 0.000        ; 0.000      ; 0.790      ;
; 0.673 ; \P2:count1[0] ; \P2:count1[4] ; CLK2         ; CLK2        ; 0.000        ; 0.000      ; 0.825      ;
; 0.685 ; \P2:count1[1] ; \P2:count1[2] ; CLK2         ; CLK2        ; 0.000        ; 0.000      ; 0.837      ;
; 0.688 ; \P2:count1[1] ; \P2:count1[1] ; CLK2         ; CLK2        ; 0.000        ; 0.000      ; 0.840      ;
; 0.739 ; \P2:count1[3] ; \P2:count1[2] ; CLK2         ; CLK2        ; 0.000        ; 0.000      ; 0.891      ;
; 0.744 ; \P2:count1[3] ; \P2:count1[1] ; CLK2         ; CLK2        ; 0.000        ; 0.000      ; 0.896      ;
; 0.778 ; \P2:count1[0] ; buzz~reg0     ; CLK2         ; CLK2        ; 0.000        ; 0.000      ; 0.930      ;
; 0.790 ; \P2:count1[4] ; \P2:count1[2] ; CLK2         ; CLK2        ; 0.000        ; 0.000      ; 0.942      ;
; 0.795 ; \P2:count1[4] ; \P2:count1[1] ; CLK2         ; CLK2        ; 0.000        ; 0.000      ; 0.947      ;
; 0.823 ; \P2:count1[1] ; \P2:count1[3] ; CLK2         ; CLK2        ; 0.000        ; 0.000      ; 0.975      ;
; 0.858 ; \P2:count1[1] ; \P2:count1[4] ; CLK2         ; CLK2        ; 0.000        ; 0.000      ; 1.010      ;
; 0.928 ; \P2:count1[4] ; \P2:count1[3] ; CLK2         ; CLK2        ; 0.000        ; 0.000      ; 1.080      ;
+-------+---------------+---------------+--------------+-------------+--------------+------------+------------+


+----------------------------------------------------------------------------------------------------+
; Fast Model Minimum Pulse Width: 'clk'                                                              ;
+--------+--------------+----------------+------------------+-------+------------+-------------------+
; Slack  ; Actual Width ; Required Width ; Type             ; Clock ; Clock Edge ; Target            ;
+--------+--------------+----------------+------------------+-------+------------+-------------------+
; -1.380 ; 1.000        ; 2.380          ; Port Rate        ; clk   ; Rise       ; clk               ;
; -0.500 ; 0.500        ; 1.000          ; High Pulse Width ; clk   ; Rise       ; \P1:count[0]      ;
; -0.500 ; 0.500        ; 1.000          ; Low Pulse Width  ; clk   ; Rise       ; \P1:count[0]      ;
; -0.500 ; 0.500        ; 1.000          ; High Pulse Width ; clk   ; Rise       ; \P1:count[10]     ;
; -0.500 ; 0.500        ; 1.000          ; Low Pulse Width  ; clk   ; Rise       ; \P1:count[10]     ;
; -0.500 ; 0.500        ; 1.000          ; High Pulse Width ; clk   ; Rise       ; \P1:count[11]     ;
; -0.500 ; 0.500        ; 1.000          ; Low Pulse Width  ; clk   ; Rise       ; \P1:count[11]     ;
; -0.500 ; 0.500        ; 1.000          ; High Pulse Width ; clk   ; Rise       ; \P1:count[12]     ;
; -0.500 ; 0.500        ; 1.000          ; Low Pulse Width  ; clk   ; Rise       ; \P1:count[12]     ;
; -0.500 ; 0.500        ; 1.000          ; High Pulse Width ; clk   ; Rise       ; \P1:count[13]     ;
; -0.500 ; 0.500        ; 1.000          ; Low Pulse Width  ; clk   ; Rise       ; \P1:count[13]     ;
; -0.500 ; 0.500        ; 1.000          ; High Pulse Width ; clk   ; Rise       ; \P1:count[14]     ;
; -0.500 ; 0.500        ; 1.000          ; Low Pulse Width  ; clk   ; Rise       ; \P1:count[14]     ;
; -0.500 ; 0.500        ; 1.000          ; High Pulse Width ; clk   ; Rise       ; \P1:count[15]     ;
; -0.500 ; 0.500        ; 1.000          ; Low Pulse Width  ; clk   ; Rise       ; \P1:count[15]     ;
; -0.500 ; 0.500        ; 1.000          ; High Pulse Width ; clk   ; Rise       ; \P1:count[16]     ;
; -0.500 ; 0.500        ; 1.000          ; Low Pulse Width  ; clk   ; Rise       ; \P1:count[16]     ;
; -0.500 ; 0.500        ; 1.000          ; High Pulse Width ; clk   ; Rise       ; \P1:count[17]     ;
; -0.500 ; 0.500        ; 1.000          ; Low Pulse Width  ; clk   ; Rise       ; \P1:count[17]     ;
; -0.500 ; 0.500        ; 1.000          ; High Pulse Width ; clk   ; Rise       ; \P1:count[18]     ;
; -0.500 ; 0.500        ; 1.000          ; Low Pulse Width  ; clk   ; Rise       ; \P1:count[18]     ;
; -0.500 ; 0.500        ; 1.000          ; High Pulse Width ; clk   ; Rise       ; \P1:count[19]     ;
; -0.500 ; 0.500        ; 1.000          ; Low Pulse Width  ; clk   ; Rise       ; \P1:count[19]     ;
; -0.500 ; 0.500        ; 1.000          ; High Pulse Width ; clk   ; Rise       ; \P1:count[1]      ;
; -0.500 ; 0.500        ; 1.000          ; Low Pulse Width  ; clk   ; Rise       ; \P1:count[1]      ;
; -0.500 ; 0.500        ; 1.000          ; High Pulse Width ; clk   ; Rise       ; \P1:count[20]     ;
; -0.500 ; 0.500        ; 1.000          ; Low Pulse Width  ; clk   ; Rise       ; \P1:count[20]     ;
; -0.500 ; 0.500        ; 1.000          ; High Pulse Width ; clk   ; Rise       ; \P1:count[21]     ;
; -0.500 ; 0.500        ; 1.000          ; Low Pulse Width  ; clk   ; Rise       ; \P1:count[21]     ;
; -0.500 ; 0.500        ; 1.000          ; High Pulse Width ; clk   ; Rise       ; \P1:count[22]     ;
; -0.500 ; 0.500        ; 1.000          ; Low Pulse Width  ; clk   ; Rise       ; \P1:count[22]     ;
; -0.500 ; 0.500        ; 1.000          ; High Pulse Width ; clk   ; Rise       ; \P1:count[23]     ;
; -0.500 ; 0.500        ; 1.000          ; Low Pulse Width  ; clk   ; Rise       ; \P1:count[23]     ;
; -0.500 ; 0.500        ; 1.000          ; High Pulse Width ; clk   ; Rise       ; \P1:count[2]      ;
; -0.500 ; 0.500        ; 1.000          ; Low Pulse Width  ; clk   ; Rise       ; \P1:count[2]      ;
; -0.500 ; 0.500        ; 1.000          ; High Pulse Width ; clk   ; Rise       ; \P1:count[3]      ;
; -0.500 ; 0.500        ; 1.000          ; Low Pulse Width  ; clk   ; Rise       ; \P1:count[3]      ;
; -0.500 ; 0.500        ; 1.000          ; High Pulse Width ; clk   ; Rise       ; \P1:count[4]      ;
; -0.500 ; 0.500        ; 1.000          ; Low Pulse Width  ; clk   ; Rise       ; \P1:count[4]      ;
; -0.500 ; 0.500        ; 1.000          ; High Pulse Width ; clk   ; Rise       ; \P1:count[5]      ;
; -0.500 ; 0.500        ; 1.000          ; Low Pulse Width  ; clk   ; Rise       ; \P1:count[5]      ;
; -0.500 ; 0.500        ; 1.000          ; High Pulse Width ; clk   ; Rise       ; \P1:count[6]      ;
; -0.500 ; 0.500        ; 1.000          ; Low Pulse Width  ; clk   ; Rise       ; \P1:count[6]      ;
; -0.500 ; 0.500        ; 1.000          ; High Pulse Width ; clk   ; Rise       ; \P1:count[7]      ;
; -0.500 ; 0.500        ; 1.000          ; Low Pulse Width  ; clk   ; Rise       ; \P1:count[7]      ;
; -0.500 ; 0.500        ; 1.000          ; High Pulse Width ; clk   ; Rise       ; \P1:count[8]      ;
; -0.500 ; 0.500        ; 1.000          ; Low Pulse Width  ; clk   ; Rise       ; \P1:count[8]      ;
; -0.500 ; 0.500        ; 1.000          ; High Pulse Width ; clk   ; Rise       ; \P1:count[9]      ;
; -0.500 ; 0.500        ; 1.000          ; Low Pulse Width  ; clk   ; Rise       ; \P1:count[9]      ;
; -0.500 ; 0.500        ; 1.000          ; High Pulse Width ; clk   ; Rise       ; clk1              ;
; -0.500 ; 0.500        ; 1.000          ; Low Pulse Width  ; clk   ; Rise       ; clk1              ;
; 0.500  ; 0.500        ; 0.000          ; High Pulse Width ; clk   ; Rise       ; \P1:count[0]|clk  ;
; 0.500  ; 0.500        ; 0.000          ; Low Pulse Width  ; clk   ; Rise       ; \P1:count[0]|clk  ;
; 0.500  ; 0.500        ; 0.000          ; High Pulse Width ; clk   ; Rise       ; \P1:count[10]|clk ;
; 0.500  ; 0.500        ; 0.000          ; Low Pulse Width  ; clk   ; Rise       ; \P1:count[10]|clk ;
; 0.500  ; 0.500        ; 0.000          ; High Pulse Width ; clk   ; Rise       ; \P1:count[11]|clk ;
; 0.500  ; 0.500        ; 0.000          ; Low Pulse Width  ; clk   ; Rise       ; \P1:count[11]|clk ;
; 0.500  ; 0.500        ; 0.000          ; High Pulse Width ; clk   ; Rise       ; \P1:count[12]|clk ;
; 0.500  ; 0.500        ; 0.000          ; Low Pulse Width  ; clk   ; Rise       ; \P1:count[12]|clk ;
; 0.500  ; 0.500        ; 0.000          ; High Pulse Width ; clk   ; Rise       ; \P1:count[13]|clk ;
; 0.500  ; 0.500        ; 0.000          ; Low Pulse Width  ; clk   ; Rise       ; \P1:count[13]|clk ;
; 0.500  ; 0.500        ; 0.000          ; High Pulse Width ; clk   ; Rise       ; \P1:count[14]|clk ;
; 0.500  ; 0.500        ; 0.000          ; Low Pulse Width  ; clk   ; Rise       ; \P1:count[14]|clk ;
; 0.500  ; 0.500        ; 0.000          ; High Pulse Width ; clk   ; Rise       ; \P1:count[15]|clk ;
; 0.500  ; 0.500        ; 0.000          ; Low Pulse Width  ; clk   ; Rise       ; \P1:count[15]|clk ;
; 0.500  ; 0.500        ; 0.000          ; High Pulse Width ; clk   ; Rise       ; \P1:count[16]|clk ;
; 0.500  ; 0.500        ; 0.000          ; Low Pulse Width  ; clk   ; Rise       ; \P1:count[16]|clk ;
; 0.500  ; 0.500        ; 0.000          ; High Pulse Width ; clk   ; Rise       ; \P1:count[17]|clk ;
; 0.500  ; 0.500        ; 0.000          ; Low Pulse Width  ; clk   ; Rise       ; \P1:count[17]|clk ;
; 0.500  ; 0.500        ; 0.000          ; High Pulse Width ; clk   ; Rise       ; \P1:count[18]|clk ;
; 0.500  ; 0.500        ; 0.000          ; Low Pulse Width  ; clk   ; Rise       ; \P1:count[18]|clk ;
; 0.500  ; 0.500        ; 0.000          ; High Pulse Width ; clk   ; Rise       ; \P1:count[19]|clk ;
; 0.500  ; 0.500        ; 0.000          ; Low Pulse Width  ; clk   ; Rise       ; \P1:count[19]|clk ;
; 0.500  ; 0.500        ; 0.000          ; High Pulse Width ; clk   ; Rise       ; \P1:count[1]|clk  ;
; 0.500  ; 0.500        ; 0.000          ; Low Pulse Width  ; clk   ; Rise       ; \P1:count[1]|clk  ;
; 0.500  ; 0.500        ; 0.000          ; High Pulse Width ; clk   ; Rise       ; \P1:count[20]|clk ;
; 0.500  ; 0.500        ; 0.000          ; Low Pulse Width  ; clk   ; Rise       ; \P1:count[20]|clk ;
; 0.500  ; 0.500        ; 0.000          ; High Pulse Width ; clk   ; Rise       ; \P1:count[21]|clk ;
; 0.500  ; 0.500        ; 0.000          ; Low Pulse Width  ; clk   ; Rise       ; \P1:count[21]|clk ;
; 0.500  ; 0.500        ; 0.000          ; High Pulse Width ; clk   ; Rise       ; \P1:count[22]|clk ;
; 0.500  ; 0.500        ; 0.000          ; Low Pulse Width  ; clk   ; Rise       ; \P1:count[22]|clk ;
; 0.500  ; 0.500        ; 0.000          ; High Pulse Width ; clk   ; Rise       ; \P1:count[23]|clk ;
; 0.500  ; 0.500        ; 0.000          ; Low Pulse Width  ; clk   ; Rise       ; \P1:count[23]|clk ;
; 0.500  ; 0.500        ; 0.000          ; High Pulse Width ; clk   ; Rise       ; \P1:count[2]|clk  ;
; 0.500  ; 0.500        ; 0.000          ; Low Pulse Width  ; clk   ; Rise       ; \P1:count[2]|clk  ;
; 0.500  ; 0.500        ; 0.000          ; High Pulse Width ; clk   ; Rise       ; \P1:count[3]|clk  ;
; 0.500  ; 0.500        ; 0.000          ; Low Pulse Width  ; clk   ; Rise       ; \P1:count[3]|clk  ;
; 0.500  ; 0.500        ; 0.000          ; High Pulse Width ; clk   ; Rise       ; \P1:count[4]|clk  ;
; 0.500  ; 0.500        ; 0.000          ; Low Pulse Width  ; clk   ; Rise       ; \P1:count[4]|clk  ;
; 0.500  ; 0.500        ; 0.000          ; High Pulse Width ; clk   ; Rise       ; \P1:count[5]|clk  ;
; 0.500  ; 0.500        ; 0.000          ; Low Pulse Width  ; clk   ; Rise       ; \P1:count[5]|clk  ;
; 0.500  ; 0.500        ; 0.000          ; High Pulse Width ; clk   ; Rise       ; \P1:count[6]|clk  ;
; 0.500  ; 0.500        ; 0.000          ; Low Pulse Width  ; clk   ; Rise       ; \P1:count[6]|clk  ;
; 0.500  ; 0.500        ; 0.000          ; High Pulse Width ; clk   ; Rise       ; \P1:count[7]|clk  ;
; 0.500  ; 0.500        ; 0.000          ; Low Pulse Width  ; clk   ; Rise       ; \P1:count[7]|clk  ;
; 0.500  ; 0.500        ; 0.000          ; High Pulse Width ; clk   ; Rise       ; \P1:count[8]|clk  ;
; 0.500  ; 0.500        ; 0.000          ; Low Pulse Width  ; clk   ; Rise       ; \P1:count[8]|clk  ;
; 0.500  ; 0.500        ; 0.000          ; High Pulse Width ; clk   ; Rise       ; \P1:count[9]|clk  ;
; 0.500  ; 0.500        ; 0.000          ; Low Pulse Width  ; clk   ; Rise       ; \P1:count[9]|clk  ;
; 0.500  ; 0.500        ; 0.000          ; High Pulse Width ; clk   ; Rise       ; clk1|clk          ;
+--------+--------------+----------------+------------------+-------+------------+-------------------+


+--------------------------------------------------------------------------------------------------------+
; Fast Model Minimum Pulse Width: 'CLK2'                                                                 ;
+--------+--------------+----------------+------------------+-------+------------+-----------------------+
; Slack  ; Actual Width ; Required Width ; Type             ; Clock ; Clock Edge ; Target                ;
+--------+--------------+----------------+------------------+-------+------------+-----------------------+
; -0.500 ; 0.500        ; 1.000          ; High Pulse Width ; CLK2  ; Rise       ; \P2:count1[0]         ;
; -0.500 ; 0.500        ; 1.000          ; Low Pulse Width  ; CLK2  ; Rise       ; \P2:count1[0]         ;
; -0.500 ; 0.500        ; 1.000          ; High Pulse Width ; CLK2  ; Rise       ; \P2:count1[1]         ;
; -0.500 ; 0.500        ; 1.000          ; Low Pulse Width  ; CLK2  ; Rise       ; \P2:count1[1]         ;
; -0.500 ; 0.500        ; 1.000          ; High Pulse Width ; CLK2  ; Rise       ; \P2:count1[2]         ;
; -0.500 ; 0.500        ; 1.000          ; Low Pulse Width  ; CLK2  ; Rise       ; \P2:count1[2]         ;
; -0.500 ; 0.500        ; 1.000          ; High Pulse Width ; CLK2  ; Rise       ; \P2:count1[3]         ;
; -0.500 ; 0.500        ; 1.000          ; Low Pulse Width  ; CLK2  ; Rise       ; \P2:count1[3]         ;
; -0.500 ; 0.500        ; 1.000          ; High Pulse Width ; CLK2  ; Rise       ; \P2:count1[4]         ;
; -0.500 ; 0.500        ; 1.000          ; Low Pulse Width  ; CLK2  ; Rise       ; \P2:count1[4]         ;
; -0.500 ; 0.500        ; 1.000          ; High Pulse Width ; CLK2  ; Rise       ; buzz~reg0             ;
; -0.500 ; 0.500        ; 1.000          ; Low Pulse Width  ; CLK2  ; Rise       ; buzz~reg0             ;
; -0.500 ; 0.500        ; 1.000          ; High Pulse Width ; CLK2  ; Rise       ; led1[0]~reg0          ;
; -0.500 ; 0.500        ; 1.000          ; Low Pulse Width  ; CLK2  ; Rise       ; led1[0]~reg0          ;
; -0.500 ; 0.500        ; 1.000          ; High Pulse Width ; CLK2  ; Rise       ; led1[1]~reg0          ;
; -0.500 ; 0.500        ; 1.000          ; Low Pulse Width  ; CLK2  ; Rise       ; led1[1]~reg0          ;
; -0.500 ; 0.500        ; 1.000          ; High Pulse Width ; CLK2  ; Rise       ; led1[2]~reg0          ;
; -0.500 ; 0.500        ; 1.000          ; Low Pulse Width  ; CLK2  ; Rise       ; led1[2]~reg0          ;
; -0.500 ; 0.500        ; 1.000          ; High Pulse Width ; CLK2  ; Rise       ; led1[3]~reg0          ;
; -0.500 ; 0.500        ; 1.000          ; Low Pulse Width  ; CLK2  ; Rise       ; led1[3]~reg0          ;
; -0.500 ; 0.500        ; 1.000          ; High Pulse Width ; CLK2  ; Rise       ; led1[4]~reg0          ;
; -0.500 ; 0.500        ; 1.000          ; Low Pulse Width  ; CLK2  ; Rise       ; led1[4]~reg0          ;
; 0.500  ; 0.500        ; 0.000          ; High Pulse Width ; CLK2  ; Rise       ; CLK2|regout           ;
; 0.500  ; 0.500        ; 0.000          ; Low Pulse Width  ; CLK2  ; Rise       ; CLK2|regout           ;
; 0.500  ; 0.500        ; 0.000          ; High Pulse Width ; CLK2  ; Rise       ; CLK2~clkctrl|inclk[0] ;
; 0.500  ; 0.500        ; 0.000          ; Low Pulse Width  ; CLK2  ; Rise       ; CLK2~clkctrl|inclk[0] ;
; 0.500  ; 0.500        ; 0.000          ; High Pulse Width ; CLK2  ; Rise       ; CLK2~clkctrl|outclk   ;
; 0.500  ; 0.500        ; 0.000          ; Low Pulse Width  ; CLK2  ; Rise       ; CLK2~clkctrl|outclk   ;
; 0.500  ; 0.500        ; 0.000          ; High Pulse Width ; CLK2  ; Rise       ; \P2:count1[0]|clk     ;
; 0.500  ; 0.500        ; 0.000          ; Low Pulse Width  ; CLK2  ; Rise       ; \P2:count1[0]|clk     ;
; 0.500  ; 0.500        ; 0.000          ; High Pulse Width ; CLK2  ; Rise       ; \P2:count1[1]|clk     ;
; 0.500  ; 0.500        ; 0.000          ; Low Pulse Width  ; CLK2  ; Rise       ; \P2:count1[1]|clk     ;
; 0.500  ; 0.500        ; 0.000          ; High Pulse Width ; CLK2  ; Rise       ; \P2:count1[2]|clk     ;
; 0.500  ; 0.500        ; 0.000          ; Low Pulse Width  ; CLK2  ; Rise       ; \P2:count1[2]|clk     ;
; 0.500  ; 0.500        ; 0.000          ; High Pulse Width ; CLK2  ; Rise       ; \P2:count1[3]|clk     ;
; 0.500  ; 0.500        ; 0.000          ; Low Pulse Width  ; CLK2  ; Rise       ; \P2:count1[3]|clk     ;
; 0.500  ; 0.500        ; 0.000          ; High Pulse Width ; CLK2  ; Rise       ; \P2:count1[4]|clk     ;
; 0.500  ; 0.500        ; 0.000          ; Low Pulse Width  ; CLK2  ; Rise       ; \P2:count1[4]|clk     ;
; 0.500  ; 0.500        ; 0.000          ; High Pulse Width ; CLK2  ; Rise       ; buzz~reg0|clk         ;
; 0.500  ; 0.500        ; 0.000          ; Low Pulse Width  ; CLK2  ; Rise       ; buzz~reg0|clk         ;
; 0.500  ; 0.500        ; 0.000          ; High Pulse Width ; CLK2  ; Rise       ; led1[0]~reg0|clk      ;
; 0.500  ; 0.500        ; 0.000          ; Low Pulse Width  ; CLK2  ; Rise       ; led1[0]~reg0|clk      ;
; 0.500  ; 0.500        ; 0.000          ; High Pulse Width ; CLK2  ; Rise       ; led1[1]~reg0|clk      ;
; 0.500  ; 0.500        ; 0.000          ; Low Pulse Width  ; CLK2  ; Rise       ; led1[1]~reg0|clk      ;
; 0.500  ; 0.500        ; 0.000          ; High Pulse Width ; CLK2  ; Rise       ; led1[2]~reg0|clk      ;
; 0.500  ; 0.500        ; 0.000          ; Low Pulse Width  ; CLK2  ; Rise       ; led1[2]~reg0|clk      ;
; 0.500  ; 0.500        ; 0.000          ; High Pulse Width ; CLK2  ; Rise       ; led1[3]~reg0|clk      ;
; 0.500  ; 0.500        ; 0.000          ; Low Pulse Width  ; CLK2  ; Rise       ; led1[3]~reg0|clk      ;
; 0.500  ; 0.500        ; 0.000          ; High Pulse Width ; CLK2  ; Rise       ; led1[4]~reg0|clk      ;
; 0.500  ; 0.500        ; 0.000          ; Low Pulse Width  ; CLK2  ; Rise       ; led1[4]~reg0|clk      ;
+--------+--------------+----------------+------------------+-------+------------+-----------------------+


+----------------------------------------------------------------------------------------------+
; Fast Model Minimum Pulse Width: 'clk1'                                                       ;
+--------+--------------+----------------+------------------+-------+------------+-------------+
; Slack  ; Actual Width ; Required Width ; Type             ; Clock ; Clock Edge ; Target      ;
+--------+--------------+----------------+------------------+-------+------------+-------------+
; -0.500 ; 0.500        ; 1.000          ; High Pulse Width ; clk1  ; Rise       ; CLK2        ;
; -0.500 ; 0.500        ; 1.000          ; Low Pulse Width  ; clk1  ; Rise       ; CLK2        ;
; 0.500  ; 0.500        ; 0.000          ; High Pulse Width ; clk1  ; Rise       ; CLK2|clk    ;
; 0.500  ; 0.500        ; 0.000          ; Low Pulse Width  ; clk1  ; Rise       ; CLK2|clk    ;
; 0.500  ; 0.500        ; 0.000          ; High Pulse Width ; clk1  ; Rise       ; clk1|regout ;
; 0.500  ; 0.500        ; 0.000          ; Low Pulse Width  ; clk1  ; Rise       ; clk1|regout ;
+--------+--------------+----------------+------------------+-------+------------+-------------+


+-----------------------------------------------------------------------+
; Clock to Output Times                                                 ;
+-----------+------------+-------+-------+------------+-----------------+
; Data Port ; Clock Port ; Rise  ; Fall  ; Clock Edge ; Clock Reference ;
+-----------+------------+-------+-------+------------+-----------------+
; buzz      ; CLK2       ; 3.080 ; 3.080 ; Rise       ; CLK2            ;
; led1[*]   ; CLK2       ; 3.249 ; 3.249 ; Rise       ; CLK2            ;
;  led1[0]  ; CLK2       ; 2.945 ; 2.945 ; Rise       ; CLK2            ;
;  led1[1]  ; CLK2       ; 2.949 ; 2.949 ; Rise       ; CLK2            ;
;  led1[2]  ; CLK2       ; 3.239 ; 3.239 ; Rise       ; CLK2            ;
;  led1[3]  ; CLK2       ; 3.249 ; 3.249 ; Rise       ; CLK2            ;
;  led1[4]  ; CLK2       ; 2.945 ; 2.945 ; Rise       ; CLK2            ;
+-----------+------------+-------+-------+------------+-----------------+


+-----------------------------------------------------------------------+
; Minimum Clock to Output Times                                         ;
+-----------+------------+-------+-------+------------+-----------------+
; Data Port ; Clock Port ; Rise  ; Fall  ; Clock Edge ; Clock Reference ;
+-----------+------------+-------+-------+------------+-----------------+
; buzz      ; CLK2       ; 3.080 ; 3.080 ; Rise       ; CLK2            ;
; led1[*]   ; CLK2       ; 2.945 ; 2.945 ; Rise       ; CLK2            ;
;  led1[0]  ; CLK2       ; 2.945 ; 2.945 ; Rise       ; CLK2            ;
;  led1[1]  ; CLK2       ; 2.949 ; 2.949 ; Rise       ; CLK2            ;
;  led1[2]  ; CLK2       ; 3.239 ; 3.239 ; Rise       ; CLK2            ;
;  led1[3]  ; CLK2       ; 3.249 ; 3.249 ; Rise       ; CLK2            ;
;  led1[4]  ; CLK2       ; 2.945 ; 2.945 ; Rise       ; CLK2            ;
+-----------+------------+-------+-------+------------+-----------------+


+---------------------------------------------------------------------------------+
; Multicorner Timing Analysis Summary                                             ;
+------------------+----------+--------+----------+---------+---------------------+
; Clock            ; Setup    ; Hold   ; Recovery ; Removal ; Minimum Pulse Width ;
+------------------+----------+--------+----------+---------+---------------------+
; Worst-case Slack ; -5.559   ; -2.665 ; N/A      ; N/A     ; -1.941              ;
;  CLK2            ; -2.650   ; 0.215  ; N/A      ; N/A     ; -0.742              ;
;  clk             ; -5.559   ; -2.553 ; N/A      ; N/A     ; -1.941              ;
;  clk1            ; 1.413    ; -2.665 ; N/A      ; N/A     ; -0.742              ;
; Design-wide TNS  ; -152.55  ; -5.218 ; 0.0      ; 0.0     ; -56.849             ;
;  CLK2            ; -19.051  ; 0.000  ; N/A      ; N/A     ; -16.324             ;
;  clk             ; -133.499 ; -2.553 ; N/A      ; N/A     ; -39.041             ;
;  clk1            ; 0.000    ; -2.665 ; N/A      ; N/A     ; -1.484              ;
+------------------+----------+--------+----------+---------+---------------------+


+-----------------------------------------------------------------------+
; Clock to Output Times                                                 ;
+-----------+------------+-------+-------+------------+-----------------+
; Data Port ; Clock Port ; Rise  ; Fall  ; Clock Edge ; Clock Reference ;
+-----------+------------+-------+-------+------------+-----------------+
; buzz      ; CLK2       ; 6.740 ; 6.740 ; Rise       ; CLK2            ;
; led1[*]   ; CLK2       ; 7.047 ; 7.047 ; Rise       ; CLK2            ;
;  led1[0]  ; CLK2       ; 6.332 ; 6.332 ; Rise       ; CLK2            ;
;  led1[1]  ; CLK2       ; 6.344 ; 6.344 ; Rise       ; CLK2            ;
;  led1[2]  ; CLK2       ; 7.035 ; 7.035 ; Rise       ; CLK2            ;
;  led1[3]  ; CLK2       ; 7.047 ; 7.047 ; Rise       ; CLK2            ;
;  led1[4]  ; CLK2       ; 6.332 ; 6.332 ; Rise       ; CLK2            ;
+-----------+------------+-------+-------+------------+-----------------+


+-----------------------------------------------------------------------+
; Minimum Clock to Output Times                                         ;
+-----------+------------+-------+-------+------------+-----------------+
; Data Port ; Clock Port ; Rise  ; Fall  ; Clock Edge ; Clock Reference ;
+-----------+------------+-------+-------+------------+-----------------+
; buzz      ; CLK2       ; 3.080 ; 3.080 ; Rise       ; CLK2            ;
; led1[*]   ; CLK2       ; 2.945 ; 2.945 ; Rise       ; CLK2            ;
;  led1[0]  ; CLK2       ; 2.945 ; 2.945 ; Rise       ; CLK2            ;
;  led1[1]  ; CLK2       ; 2.949 ; 2.949 ; Rise       ; CLK2            ;
;  led1[2]  ; CLK2       ; 3.239 ; 3.239 ; Rise       ; CLK2            ;
;  led1[3]  ; CLK2       ; 3.249 ; 3.249 ; Rise       ; CLK2            ;
;  led1[4]  ; CLK2       ; 2.945 ; 2.945 ; Rise       ; CLK2            ;
+-----------+------------+-------+-------+------------+-----------------+


+-------------------------------------------------------------------+
; Setup Transfers                                                   ;
+------------+----------+----------+----------+----------+----------+
; From Clock ; To Clock ; RR Paths ; FR Paths ; RF Paths ; FF Paths ;
+------------+----------+----------+----------+----------+----------+
; clk        ; clk      ; 2050     ; 0        ; 0        ; 0        ;
; clk1       ; clk      ; 1        ; 1        ; 0        ; 0        ;
; CLK2       ; clk1     ; 1        ; 1        ; 0        ; 0        ;
; CLK2       ; CLK2     ; 97       ; 0        ; 0        ; 0        ;
+------------+----------+----------+----------+----------+----------+
Entries labeled "false path" only account for clock-to-clock false paths and not path-based false paths. As a result, actual path counts may be lower than reported.


+-------------------------------------------------------------------+
; Hold Transfers                                                    ;
+------------+----------+----------+----------+----------+----------+
; From Clock ; To Clock ; RR Paths ; FR Paths ; RF Paths ; FF Paths ;
+------------+----------+----------+----------+----------+----------+
; clk        ; clk      ; 2050     ; 0        ; 0        ; 0        ;
; clk1       ; clk      ; 1        ; 1        ; 0        ; 0        ;
; CLK2       ; clk1     ; 1        ; 1        ; 0        ; 0        ;
; CLK2       ; CLK2     ; 97       ; 0        ; 0        ; 0        ;
+------------+----------+----------+----------+----------+----------+
Entries labeled "false path" only account for clock-to-clock false paths and not path-based false paths. As a result, actual path counts may be lower than reported.


---------------
; Report TCCS ;
---------------
No dedicated SERDES Transmitter circuitry present in device or used in design


---------------
; Report RSKM ;
---------------
No dedicated SERDES Receiver circuitry present in device or used in design


+------------------------------------------------+
; Unconstrained Paths                            ;
+---------------------------------+-------+------+
; Property                        ; Setup ; Hold ;
+---------------------------------+-------+------+
; Illegal Clocks                  ; 0     ; 0    ;
; Unconstrained Clocks            ; 0     ; 0    ;
; Unconstrained Input Ports       ; 0     ; 0    ;
; Unconstrained Input Port Paths  ; 0     ; 0    ;
; Unconstrained Output Ports      ; 6     ; 6    ;
; Unconstrained Output Port Paths ; 6     ; 6    ;
+---------------------------------+-------+------+


+------------------------------------+
; TimeQuest Timing Analyzer Messages ;
+------------------------------------+
Info: *******************************************************************
Info: Running Quartus II 64-Bit TimeQuest Timing Analyzer
    Info: Version 13.0.1 Build 232 06/12/2013 Service Pack 1 SJ Web Edition
    Info: Processing started: Wed Jan 17 23:11:17 2024
Info: Command: quartus_sta five_leds -c five_leds
Info: qsta_default_script.tcl version: #1
Info (20030): Parallel compilation is enabled and will use 6 of the 6 processors detected
Info (21077): Low junction temperature is 0 degrees C
Info (21077): High junction temperature is 85 degrees C
Critical Warning (332012): Synopsys Design Constraints File file not found: 'five_leds.sdc'. A Synopsys Design Constraints File is required by the TimeQuest Timing Analyzer to get proper timing constraints. Without it, the Compiler will not properly optimize the design.
Info (332142): No user constrained base clocks found in the design. Calling "derive_clocks -period 1.0"
Info (332105): Deriving Clocks
    Info (332105): create_clock -period 1.000 -name CLK2 CLK2
    Info (332105): create_clock -period 1.000 -name clk1 clk1
    Info (332105): create_clock -period 1.000 -name clk clk
Info: Found TIMEQUEST_REPORT_SCRIPT_INCLUDE_DEFAULT_ANALYSIS = ON
Info: Analyzing Slow Model
Critical Warning (332148): Timing requirements not met
Info (332146): Worst-case setup slack is -5.559
    Info (332119):     Slack End Point TNS Clock 
    Info (332119): ========= ============= =====================
    Info (332119):    -5.559      -133.499 clk 
    Info (332119):    -2.650       -19.051 CLK2 
    Info (332119):     2.899         0.000 clk1 
Info (332146): Worst-case hold slack is -2.665
    Info (332119):     Slack End Point TNS Clock 
    Info (332119): ========= ============= =====================
    Info (332119):    -2.665        -2.665 clk1 
    Info (332119):    -2.553        -2.553 clk 
    Info (332119):     0.499         0.000 CLK2 
Info (332140): No Recovery paths to report
Info (332140): No Removal paths to report
Info (332146): Worst-case minimum pulse width slack is -1.941
    Info (332119):     Slack End Point TNS Clock 
    Info (332119): ========= ============= =====================
    Info (332119):    -1.941       -39.041 clk 
    Info (332119):    -0.742       -16.324 CLK2 
    Info (332119):    -0.742        -1.484 clk1 
Info (332001): The selected device family is not supported by the report_metastability command.
Info: Analyzing Fast Model
Critical Warning (332148): Timing requirements not met
Info (332146): Worst-case setup slack is -1.123
    Info (332119):     Slack End Point TNS Clock 
    Info (332119): ========= ============= =====================
    Info (332119):    -1.123       -26.343 clk 
    Info (332119):    -0.180        -0.630 CLK2 
    Info (332119):     1.413         0.000 clk1 
Info (332146): Worst-case hold slack is -1.359
    Info (332119):     Slack End Point TNS Clock 
    Info (332119): ========= ============= =====================
    Info (332119):    -1.359        -1.359 clk 
    Info (332119):    -1.033        -1.033 clk1 
    Info (332119):     0.215         0.000 CLK2 
Info (332140): No Recovery paths to report
Info (332140): No Removal paths to report
Info (332146): Worst-case minimum pulse width slack is -1.380
    Info (332119):     Slack End Point TNS Clock 
    Info (332119): ========= ============= =====================
    Info (332119):    -1.380       -26.380 clk 
    Info (332119):    -0.500       -11.000 CLK2 
    Info (332119):    -0.500        -1.000 clk1 
Info (332001): The selected device family is not supported by the report_metastability command.
Info (332102): Design is not fully constrained for setup requirements
Info (332102): Design is not fully constrained for hold requirements
Info: Quartus II 64-Bit TimeQuest Timing Analyzer was successful. 0 errors, 3 warnings
    Info: Peak virtual memory: 4590 megabytes
    Info: Processing ended: Wed Jan 17 23:11:18 2024
    Info: Elapsed time: 00:00:01
    Info: Total CPU time (on all processors): 00:00:00


